image,rip_fraction,issues
RipVIS-101_01068.jpg,0.0236,OK
RipVIS-080_00018.jpg,0.0321,OK
RipVIS-042_00564.jpg,0.0325,OK
RipVIS-086_01044.jpg,0.0287,OK
RipVIS-056_00198.jpg,0.0289,OK
RipVIS-140_00096.jpg,0.0237,OK
RipVIS-091_00264.jpg,0.0215,OK
RipVIS-063_00348.jpg,0.0269,OK
RipVIS-140_00000.jpg,0.0282,OK
RipVIS-094_00036.jpg,0.0255,OK
RipVIS-087_00996.jpg,0.0479,OK
RipVIS-086_00036.jpg,0.0253,OK
RipVIS-096_00102.jpg,0.0284,OK
RipVIS-058_00234.jpg,0.0228,OK
RipVIS-017_00268.jpg,0.0206,OK
RipVIS-031_00306.jpg,0.0486,OK
RipVIS-031_01506.jpg,0.0271,OK
RipVIS-087_00012.jpg,0.0446,OK
RipVIS-006_00033.jpg,0.036,OK
RipVIS-031_01512.jpg,0.0272,OK
RipVIS-063_00222.jpg,0.0306,OK
RipVIS-068_00006.jpg,0.0227,OK
RipVIS-031_00600.jpg,0.043,OK
RipVIS-104_00006.jpg,0.0325,OK
RipVIS-045_01416.jpg,0.0432,OK
RipVIS-029_01086.jpg,0.0425,OK
RipVIS-149_00330.jpg,0.0407,OK
RipVIS-068_00108.jpg,0.043,OK
RipVIS-123_00060.jpg,0.0287,OK
RipVIS-031_01350.jpg,0.0264,OK
RipVIS-111_02124.jpg,0.0242,OK
RipVIS-031_00570.jpg,0.0441,OK
RipVIS-084_00642.jpg,0.0499,OK
RipVIS-032_00168.jpg,0.0312,OK
RipVIS-016_00012.jpg,0.0471,OK
RipVIS-071_00216.jpg,0.0292,OK
RipVIS-086_00276.jpg,0.0319,OK
RipVIS-084_00624.jpg,0.0494,OK
RipVIS-031_01500.jpg,0.0277,OK
RipVIS-029_01206.jpg,0.0475,OK
RipVIS-032_00564.jpg,0.0308,OK
RipVIS-104_00186.jpg,0.023,OK
RipVIS-071_00144.jpg,0.0226,OK
RipVIS-054_00078.jpg,0.0449,OK
RipVIS-091_00000.jpg,0.025,OK
RipVIS-084_00306.jpg,0.0288,OK
RipVIS-032_00078.jpg,0.0313,OK
RipVIS-086_00480.jpg,0.0249,OK
RipVIS-042_00612.jpg,0.0322,OK
RipVIS-011_00021.jpg,0.0477,OK
RipVIS-063_00030.jpg,0.0329,OK
RipVIS-116_00360.jpg,0.021,OK
RipVIS-096_00246.jpg,0.0411,OK
RipVIS-065_00060.jpg,0.0335,OK
RipVIS-096_00168.jpg,0.0287,OK
RipVIS-111_01548.jpg,0.036,OK
RipVIS-045_01494.jpg,0.0425,OK
RipVIS-031_01680.jpg,0.028,OK
RipVIS-029_01152.jpg,0.0472,OK
RipVIS-089_00132.jpg,0.0218,OK
RipVIS-077_00648.jpg,0.0294,OK
RipVIS-111_02484.jpg,0.0209,OK
RipVIS-032_00576.jpg,0.0265,OK
RipVIS-032_00516.jpg,0.032,OK
RipVIS-080_00258.jpg,0.0361,OK
RipVIS-096_00072.jpg,0.0262,OK
RipVIS-111_02064.jpg,0.02,OK
RipVIS-091_00018.jpg,0.0212,OK
RipVIS-101_00522.jpg,0.0206,OK
RipVIS-032_00414.jpg,0.0291,OK
RipVIS-032_00780.jpg,0.0282,OK
RipVIS-111_01488.jpg,0.0392,OK
RipVIS-031_00888.jpg,0.038,OK
RipVIS-029_00870.jpg,0.0438,OK
RipVIS-111_01536.jpg,0.0361,OK
RipVIS-118_00144.jpg,0.0326,OK
RipVIS-062_00324.jpg,0.023,OK
RipVIS-111_01128.jpg,0.04,OK
RipVIS-086_00504.jpg,0.027,OK
RipVIS-089_00408.jpg,0.0262,OK
RipVIS-016_00031.jpg,0.0468,OK
RipVIS-111_01116.jpg,0.04,OK
RipVIS-087_00144.jpg,0.0436,OK
RipVIS-096_00186.jpg,0.0308,OK
RipVIS-031_00354.jpg,0.0457,OK
RipVIS-126_00700.jpg,0.0435,OK
RipVIS-104_00396.jpg,0.0259,OK
RipVIS-032_00420.jpg,0.0364,OK
RipVIS-029_01254.jpg,0.0424,OK
RipVIS-011_00018.jpg,0.0468,OK
RipVIS-084_02256.jpg,0.0402,OK
RipVIS-031_01260.jpg,0.0377,OK
RipVIS-032_00792.jpg,0.0297,OK
RipVIS-087_00564.jpg,0.0383,OK
RipVIS-084_00036.jpg,0.0323,OK
RipVIS-058_00384.jpg,0.0306,OK
RipVIS-017_00270.jpg,0.0206,OK
RipVIS-031_00834.jpg,0.0404,OK
RipVIS-029_01182.jpg,0.0479,OK
RipVIS-033_00066.jpg,0.0406,OK
RipVIS-111_01692.jpg,0.0263,OK
RipVIS-060_00180.jpg,0.0224,OK
RipVIS-104_00090.jpg,0.0276,OK
RipVIS-149_00180.jpg,0.0389,OK
RipVIS-042_00138.jpg,0.0413,OK
RipVIS-011_00015.jpg,0.0456,OK
RipVIS-111_01572.jpg,0.0283,OK
RipVIS-045_01728.jpg,0.0409,OK
RipVIS-087_00492.jpg,0.04,OK
RipVIS-031_01152.jpg,0.0375,OK
RipVIS-104_00342.jpg,0.0219,OK
RipVIS-062_00120.jpg,0.0462,OK
RipVIS-068_00150.jpg,0.0461,OK
RipVIS-118_00240.jpg,0.0479,OK
RipVIS-086_00552.jpg,0.027,OK
RipVIS-104_00402.jpg,0.0268,OK
RipVIS-084_00354.jpg,0.0343,OK
RipVIS-056_00270.jpg,0.0287,OK
RipVIS-031_00702.jpg,0.0424,OK
RipVIS-087_00540.jpg,0.0392,OK
RipVIS-071_00180.jpg,0.0235,OK
RipVIS-031_00432.jpg,0.0427,OK
RipVIS-096_00036.jpg,0.0223,OK
RipVIS-031_00528.jpg,0.0453,OK
RipVIS-032_00582.jpg,0.0308,OK
RipVIS-086_00996.jpg,0.0291,OK
RipVIS-104_00390.jpg,0.0261,OK
RipVIS-068_00024.jpg,0.0293,OK
RipVIS-087_00228.jpg,0.0432,OK
RipVIS-031_00744.jpg,0.0433,OK
RipVIS-089_00444.jpg,0.0262,OK
RipVIS-032_00162.jpg,0.0311,OK
RipVIS-111_01944.jpg,0.0211,OK
RipVIS-031_00444.jpg,0.0425,OK
RipVIS-118_00234.jpg,0.0479,OK
RipVIS-056_00078.jpg,0.0267,OK
RipVIS-042_00672.jpg,0.0334,OK
RipVIS-033_00051.jpg,0.0395,OK
RipVIS-029_00876.jpg,0.0463,OK
RipVIS-061_00006.jpg,0.0377,OK
RipVIS-031_00846.jpg,0.0396,OK
RipVIS-084_00096.jpg,0.0259,OK
RipVIS-068_00174.jpg,0.024,OK
RipVIS-045_01290.jpg,0.0437,OK
RipVIS-031_01218.jpg,0.0399,OK
RipVIS-118_00204.jpg,0.0385,OK
RipVIS-084_00630.jpg,0.0484,OK
RipVIS-086_00312.jpg,0.0299,OK
RipVIS-031_01644.jpg,0.029,OK
RipVIS-029_00834.jpg,0.042,OK
RipVIS-049_00384.jpg,0.0462,OK
RipVIS-084_02274.jpg,0.0475,OK
RipVIS-058_00036.jpg,0.027,OK
RipVIS-084_00138.jpg,0.0231,OK
RipVIS-042_00816.jpg,0.0353,OK
RipVIS-006_00056.jpg,0.046,OK
RipVIS-096_00006.jpg,0.0283,OK
RipVIS-104_00072.jpg,0.0209,OK
RipVIS-071_00246.jpg,0.029,OK
RipVIS-031_00870.jpg,0.0402,OK
RipVIS-033_00028.jpg,0.0409,OK
RipVIS-042_00582.jpg,0.0329,OK
RipVIS-104_00132.jpg,0.0253,OK
RipVIS-049_00456.jpg,0.0462,OK
RipVIS-087_00216.jpg,0.0432,OK
RipVIS-140_00336.jpg,0.0254,OK
RipVIS-063_00252.jpg,0.0296,OK
RipVIS-071_00264.jpg,0.0282,OK
RipVIS-091_00192.jpg,0.023,OK
RipVIS-045_01260.jpg,0.0449,OK
RipVIS-086_00936.jpg,0.0256,OK
RipVIS-031_00552.jpg,0.0448,OK
RipVIS-111_01764.jpg,0.0241,OK
RipVIS-031_00786.jpg,0.0409,OK
RipVIS-104_00414.jpg,0.0266,OK
RipVIS-058_00318.jpg,0.0308,OK
RipVIS-086_00648.jpg,0.0246,OK
RipVIS-080_00324.jpg,0.0356,OK
RipVIS-031_01374.jpg,0.0273,OK
RipVIS-101_00954.jpg,0.0209,OK
RipVIS-042_00396.jpg,0.0406,OK
RipVIS-086_00060.jpg,0.0265,OK
RipVIS-085_00588.jpg,0.0464,OK
RipVIS-045_06960.jpg,0.0372,OK
RipVIS-042_00048.jpg,0.0441,OK
RipVIS-086_01236.jpg,0.0293,OK
RipVIS-104_00078.jpg,0.0243,OK
RipVIS-057_00336.jpg,0.0226,OK
RipVIS-111_02460.jpg,0.0212,OK
RipVIS-042_00456.jpg,0.0333,OK
RipVIS-091_00054.jpg,0.0206,OK
RipVIS-084_00204.jpg,0.0254,OK
RipVIS-031_00486.jpg,0.0423,OK
RipVIS-084_00246.jpg,0.0272,OK
RipVIS-141_00025.jpg,0.0335,OK
RipVIS-033_00036.jpg,0.0468,OK
RipVIS-029_00786.jpg,0.0468,OK
RipVIS-031_01158.jpg,0.0373,OK
RipVIS-033_00045.jpg,0.0417,OK
RipVIS-085_00360.jpg,0.0381,OK
RipVIS-011_00004.jpg,0.0415,OK
RipVIS-031_00840.jpg,0.0392,OK
RipVIS-087_00264.jpg,0.0423,OK
RipVIS-096_00060.jpg,0.0236,OK
RipVIS-031_00738.jpg,0.0438,OK
RipVIS-058_00396.jpg,0.0341,OK
RipVIS-062_00252.jpg,0.0303,OK
RipVIS-084_00102.jpg,0.0208,OK
RipVIS-089_00252.jpg,0.025,OK
RipVIS-101_00528.jpg,0.0205,OK
RipVIS-042_00150.jpg,0.0416,OK
RipVIS-080_00108.jpg,0.0384,OK
RipVIS-042_00822.jpg,0.0353,OK
RipVIS-118_00246.jpg,0.0479,OK
RipVIS-104_00348.jpg,0.0344,OK
RipVIS-063_00000.jpg,0.0279,OK
RipVIS-086_01152.jpg,0.0261,OK
RipVIS-062_00198.jpg,0.0364,OK
RipVIS-089_00360.jpg,0.0256,OK
RipVIS-032_00540.jpg,0.0311,OK
RipVIS-056_00264.jpg,0.0284,OK
RipVIS-084_00294.jpg,0.0293,OK
RipVIS-006_00048.jpg,0.039,OK
RipVIS-032_00216.jpg,0.0363,OK
RipVIS-080_00006.jpg,0.0342,OK
RipVIS-045_08562.jpg,0.0365,OK
RipVIS-091_00030.jpg,0.0237,OK
RipVIS-033_00029.jpg,0.0409,OK
RipVIS-101_00972.jpg,0.0202,OK
RipVIS-042_00510.jpg,0.034,OK
RipVIS-032_00132.jpg,0.0303,OK
RipVIS-089_00468.jpg,0.0256,OK
RipVIS-063_00276.jpg,0.0264,OK
RipVIS-033_00012.jpg,0.0364,OK
RipVIS-032_00300.jpg,0.0351,OK
RipVIS-104_00222.jpg,0.0229,OK
RipVIS-011_00017.jpg,0.0464,OK
RipVIS-032_00426.jpg,0.0337,OK
RipVIS-084_00318.jpg,0.0324,OK
RipVIS-031_00978.jpg,0.0413,OK
RipVIS-084_00312.jpg,0.0304,OK
RipVIS-031_00426.jpg,0.0426,OK
RipVIS-085_00582.jpg,0.0439,OK
RipVIS-031_00996.jpg,0.0391,OK
RipVIS-049_00438.jpg,0.0463,OK
RipVIS-063_00288.jpg,0.0264,OK
RipVIS-091_00198.jpg,0.0231,OK
RipVIS-033_00083.jpg,0.037,OK
RipVIS-031_01044.jpg,0.0399,OK
RipVIS-104_00036.jpg,0.0293,OK
RipVIS-111_02004.jpg,0.0206,OK
RipVIS-042_00696.jpg,0.0332,OK
RipVIS-032_00480.jpg,0.033,OK
RipVIS-080_00486.jpg,0.0459,OK
RipVIS-031_01176.jpg,0.0369,OK
RipVIS-050_00042.jpg,0.0483,OK
RipVIS-031_01344.jpg,0.024,OK
RipVIS-042_00690.jpg,0.0349,OK
RipVIS-031_00480.jpg,0.0423,OK
RipVIS-016_00030.jpg,0.0468,OK
RipVIS-031_01572.jpg,0.0285,OK
RipVIS-031_01170.jpg,0.0362,OK
RipVIS-084_02280.jpg,0.0476,OK
RipVIS-062_00318.jpg,0.0233,OK
RipVIS-101_00948.jpg,0.0204,OK
RipVIS-045_01560.jpg,0.0388,OK
RipVIS-033_00062.jpg,0.0423,OK
RipVIS-029_00810.jpg,0.0477,OK
RipVIS-096_00210.jpg,0.0438,OK
RipVIS-029_01188.jpg,0.0473,OK
RipVIS-031_00792.jpg,0.0403,OK
RipVIS-032_00618.jpg,0.033,OK
RipVIS-011_00013.jpg,0.045,OK
RipVIS-086_01032.jpg,0.0295,OK
RipVIS-118_00114.jpg,0.0326,OK
RipVIS-042_00270.jpg,0.0431,OK
RipVIS-087_00924.jpg,0.0416,OK
RipVIS-084_00324.jpg,0.0298,OK
RipVIS-058_00216.jpg,0.0202,OK
RipVIS-031_01548.jpg,0.028,OK
RipVIS-111_00780.jpg,0.0485,OK
RipVIS-033_00022.jpg,0.0439,OK
RipVIS-111_02052.jpg,0.02,OK
RipVIS-111_01284.jpg,0.0498,OK
RipVIS-088_00192.jpg,0.0391,OK
RipVIS-084_00582.jpg,0.0482,OK
RipVIS-031_00312.jpg,0.0481,OK
RipVIS-118_00108.jpg,0.0347,OK
RipVIS-031_01584.jpg,0.0289,OK
RipVIS-104_00096.jpg,0.0238,OK
RipVIS-031_00894.jpg,0.0375,OK
RipVIS-084_02244.jpg,0.0372,OK
RipVIS-042_00828.jpg,0.0366,OK
RipVIS-086_00372.jpg,0.0288,OK
RipVIS-068_00090.jpg,0.0252,OK
RipVIS-096_00000.jpg,0.0284,OK
RipVIS-031_00300.jpg,0.0496,OK
RipVIS-141_00015.jpg,0.0427,OK
RipVIS-032_00018.jpg,0.0313,OK
RipVIS-087_00900.jpg,0.039,OK
RipVIS-056_00204.jpg,0.0287,OK
RipVIS-031_00366.jpg,0.043,OK
RipVIS-127_00075.jpg,0.036,OK
RipVIS-031_00468.jpg,0.0435,OK
RipVIS-091_00048.jpg,0.0234,OK
RipVIS-093_00024.jpg,0.0204,OK
RipVIS-031_01104.jpg,0.0395,OK
RipVIS-116_00396.jpg,0.0213,OK
RipVIS-033_00065.jpg,0.0412,OK
RipVIS-042_00534.jpg,0.0318,OK
RipVIS-104_00258.jpg,0.0294,OK
RipVIS-063_00336.jpg,0.027,OK
RipVIS-031_01632.jpg,0.0305,OK
RipVIS-005_00834.jpg,0.0287,OK
RipVIS-042_00144.jpg,0.0412,OK
RipVIS-031_00828.jpg,0.0405,OK
RipVIS-058_00282.jpg,0.0244,OK
RipVIS-111_01884.jpg,0.0214,OK
RipVIS-084_00342.jpg,0.0343,OK
RipVIS-094_00042.jpg,0.0217,OK
RipVIS-031_01614.jpg,0.0322,OK
RipVIS-056_00246.jpg,0.0285,OK
RipVIS-062_00288.jpg,0.0274,OK
RipVIS-111_02028.jpg,0.0207,OK
RipVIS-063_00186.jpg,0.0315,OK
RipVIS-091_00108.jpg,0.0226,OK
RipVIS-031_01722.jpg,0.0353,OK
RipVIS-033_00021.jpg,0.0439,OK
RipVIS-060_00090.jpg,0.0264,OK
RipVIS-032_00744.jpg,0.0306,OK
RipVIS-054_00018.jpg,0.0437,OK
RipVIS-032_00222.jpg,0.0363,OK
RipVIS-031_01254.jpg,0.0377,OK
RipVIS-032_00432.jpg,0.0335,OK
RipVIS-056_00108.jpg,0.026,OK
RipVIS-086_01140.jpg,0.0268,OK
RipVIS-104_00198.jpg,0.023,OK
RipVIS-111_01800.jpg,0.0228,OK
RipVIS-031_00948.jpg,0.0389,OK
RipVIS-056_00162.jpg,0.0262,OK
RipVIS-016_00071.jpg,0.0452,OK
RipVIS-060_00222.jpg,0.0215,OK
RipVIS-029_00792.jpg,0.0486,OK
RipVIS-054_00012.jpg,0.0437,OK
RipVIS-063_00204.jpg,0.0277,OK
RipVIS-118_00216.jpg,0.0425,OK
RipVIS-141_00020.jpg,0.0384,OK
RipVIS-080_00270.jpg,0.0354,OK
RipVIS-042_00606.jpg,0.0327,OK
RipVIS-029_00726.jpg,0.0491,OK
RipVIS-011_00024.jpg,0.049,OK
RipVIS-084_00378.jpg,0.0482,OK
RipVIS-087_00648.jpg,0.0366,OK
RipVIS-062_00282.jpg,0.0274,OK
RipVIS-111_01020.jpg,0.042,OK
RipVIS-111_01440.jpg,0.0417,OK
RipVIS-032_00336.jpg,0.0326,OK
RipVIS-058_00102.jpg,0.0432,OK
RipVIS-087_00816.jpg,0.0375,OK
RipVIS-042_00660.jpg,0.0341,OK
RipVIS-031_01752.jpg,0.0324,OK
RipVIS-080_00972.jpg,0.0477,OK
RipVIS-058_00528.jpg,0.0209,OK
RipVIS-086_00072.jpg,0.0263,OK
RipVIS-054_00024.jpg,0.0439,OK
RipVIS-031_01488.jpg,0.0267,OK
RipVIS-087_00024.jpg,0.0446,OK
RipVIS-045_01296.jpg,0.0436,OK
RipVIS-101_00942.jpg,0.0201,OK
RipVIS-029_01146.jpg,0.0435,OK
RipVIS-032_00294.jpg,0.0344,OK
RipVIS-058_00612.jpg,0.0404,OK
RipVIS-042_00666.jpg,0.0336,OK
RipVIS-101_00576.jpg,0.0202,OK
RipVIS-080_00264.jpg,0.048,OK
RipVIS-111_00768.jpg,0.0482,OK
RipVIS-033_00049.jpg,0.0383,OK
RipVIS-056_00180.jpg,0.0279,OK
RipVIS-045_07650.jpg,0.0415,OK
RipVIS-058_00534.jpg,0.0209,OK
RipVIS-049_00246.jpg,0.0314,OK
RipVIS-104_00354.jpg,0.0234,OK
RipVIS-031_01650.jpg,0.0281,OK
RipVIS-042_00876.jpg,0.0347,OK
RipVIS-086_01056.jpg,0.0275,OK
RipVIS-087_00396.jpg,0.0408,OK
RipVIS-045_01656.jpg,0.0407,OK
RipVIS-071_00276.jpg,0.0345,OK
RipVIS-011_00011.jpg,0.0446,OK
RipVIS-111_01740.jpg,0.025,OK
RipVIS-091_00186.jpg,0.0227,OK
RipVIS-045_08568.jpg,0.0365,OK
RipVIS-087_00084.jpg,0.0443,OK
RipVIS-068_00102.jpg,0.0378,OK
RipVIS-033_00052.jpg,0.0395,OK
RipVIS-080_00360.jpg,0.0333,OK
RipVIS-111_00912.jpg,0.0447,OK
RipVIS-080_00624.jpg,0.0379,OK
RipVIS-091_00162.jpg,0.0234,OK
RipVIS-089_00216.jpg,0.0236,OK
RipVIS-033_00010.jpg,0.038,OK
RipVIS-062_00210.jpg,0.0363,OK
RipVIS-029_01308.jpg,0.045,OK
RipVIS-032_00366.jpg,0.0321,OK
RipVIS-111_00792.jpg,0.0489,OK
RipVIS-032_00510.jpg,0.032,OK
RipVIS-032_00462.jpg,0.0322,OK
RipVIS-111_00828.jpg,0.0468,OK
RipVIS-031_01536.jpg,0.028,OK
RipVIS-054_00090.jpg,0.045,OK
RipVIS-080_00318.jpg,0.0269,OK
RipVIS-006_00027.jpg,0.042,OK
RipVIS-101_01038.jpg,0.024,OK
RipVIS-032_00678.jpg,0.0317,OK
RipVIS-087_00960.jpg,0.0428,OK
RipVIS-029_01266.jpg,0.0456,OK
RipVIS-006_00054.jpg,0.0435,OK
RipVIS-029_01116.jpg,0.0456,OK
RipVIS-031_01608.jpg,0.0318,OK
RipVIS-032_00144.jpg,0.0311,OK
RipVIS-086_00564.jpg,0.0268,OK
RipVIS-031_00900.jpg,0.0348,OK
RipVIS-149_00540.jpg,0.0372,OK
RipVIS-101_01032.jpg,0.0241,OK
RipVIS-011_00007.jpg,0.0422,OK
RipVIS-011_00019.jpg,0.047,OK
RipVIS-101_01056.jpg,0.0233,OK
RipVIS-111_00852.jpg,0.0468,OK
RipVIS-063_00024.jpg,0.0279,OK
RipVIS-042_00000.jpg,0.0456,OK
RipVIS-086_00660.jpg,0.0238,OK
RipVIS-063_00132.jpg,0.0281,OK
RipVIS-104_00300.jpg,0.0272,OK
RipVIS-086_01116.jpg,0.0295,OK
RipVIS-029_01050.jpg,0.0482,OK
RipVIS-087_00912.jpg,0.0416,OK
RipVIS-086_01224.jpg,0.0241,OK
RipVIS-045_01626.jpg,0.0435,OK
RipVIS-086_00900.jpg,0.0276,OK
RipVIS-032_00120.jpg,0.0292,OK
RipVIS-031_00582.jpg,0.0442,OK
RipVIS-086_00288.jpg,0.0294,OK
RipVIS-031_01692.jpg,0.0276,OK
RipVIS-104_00144.jpg,0.0255,OK
RipVIS-032_00636.jpg,0.0322,OK
RipVIS-032_00126.jpg,0.0311,OK
RipVIS-136_00240.jpg,0.0317,OK
RipVIS-087_00624.jpg,0.0372,OK
RipVIS-065_00050.jpg,0.0381,OK
RipVIS-005_01092.jpg,0.0446,OK
RipVIS-101_01074.jpg,0.0256,OK
RipVIS-065_00045.jpg,0.0418,OK
RipVIS-096_00192.jpg,0.0311,OK
RipVIS-031_01338.jpg,0.0302,OK
RipVIS-096_00234.jpg,0.0419,OK
RipVIS-063_00162.jpg,0.0313,OK
RipVIS-042_00954.jpg,0.0364,OK
RipVIS-118_00090.jpg,0.0454,OK
RipVIS-091_00090.jpg,0.022,OK
RipVIS-111_02496.jpg,0.0209,OK
RipVIS-080_00348.jpg,0.0302,OK
RipVIS-045_01674.jpg,0.042,OK
RipVIS-042_00834.jpg,0.035,OK
RipVIS-045_01362.jpg,0.0411,OK
RipVIS-060_00120.jpg,0.0283,OK
RipVIS-062_00354.jpg,0.0219,OK
RipVIS-031_01296.jpg,0.0295,OK
RipVIS-031_00666.jpg,0.0439,OK
RipVIS-087_00468.jpg,0.0404,OK
RipVIS-111_02448.jpg,0.021,OK
RipVIS-087_00528.jpg,0.0392,OK
RipVIS-032_00036.jpg,0.0296,OK
RipVIS-104_00084.jpg,0.0268,OK
RipVIS-042_00096.jpg,0.0436,OK
RipVIS-032_00762.jpg,0.0314,OK
RipVIS-031_01626.jpg,0.0309,OK
RipVIS-006_00029.jpg,0.0353,OK
RipVIS-045_08556.jpg,0.0365,OK
RipVIS-086_00144.jpg,0.0353,OK
RipVIS-032_00000.jpg,0.0306,OK
RipVIS-042_00492.jpg,0.0309,OK
RipVIS-056_00222.jpg,0.0282,OK
RipVIS-011_00026.jpg,0.0486,OK
RipVIS-031_01248.jpg,0.0372,OK
RipVIS-086_00156.jpg,0.0279,OK
RipVIS-006_00036.jpg,0.0336,OK
RipVIS-104_00840.jpg,0.0383,OK
RipVIS-091_00006.jpg,0.026,OK
RipVIS-089_00120.jpg,0.0217,OK
RipVIS-104_00210.jpg,0.0241,OK
RipVIS-049_00240.jpg,0.039,OK
RipVIS-031_01662.jpg,0.0291,OK
RipVIS-149_00300.jpg,0.0407,OK
RipVIS-032_00738.jpg,0.0316,OK
RipVIS-029_01056.jpg,0.0471,OK
RipVIS-029_01296.jpg,0.045,OK
RipVIS-096_00138.jpg,0.0269,OK
RipVIS-056_00090.jpg,0.0284,OK
RipVIS-087_00840.jpg,0.038,OK
RipVIS-084_00210.jpg,0.0238,OK
RipVIS-031_00882.jpg,0.0382,OK
RipVIS-031_00066.jpg,0.0497,OK
RipVIS-033_00013.jpg,0.0381,OK
RipVIS-065_00025.jpg,0.0418,OK
RipVIS-149_00000.jpg,0.0428,OK
RipVIS-029_01230.jpg,0.0444,OK
RipVIS-086_00960.jpg,0.0293,OK
RipVIS-042_00024.jpg,0.0441,OK
RipVIS-086_01320.jpg,0.0289,OK
RipVIS-042_00702.jpg,0.0333,OK
RipVIS-042_00426.jpg,0.0327,OK
RipVIS-032_00444.jpg,0.0332,OK
RipVIS-087_00360.jpg,0.042,OK
RipVIS-033_00064.jpg,0.0425,OK
RipVIS-140_00216.jpg,0.0246,OK
RipVIS-032_00150.jpg,0.0311,OK
RipVIS-068_00138.jpg,0.0424,OK
RipVIS-045_01512.jpg,0.043,OK
RipVIS-058_00198.jpg,0.0244,OK
RipVIS-086_00696.jpg,0.023,OK
RipVIS-045_01740.jpg,0.0396,OK
RipVIS-031_01518.jpg,0.027,OK
RipVIS-058_00324.jpg,0.0322,OK
RipVIS-071_00138.jpg,0.0227,OK
RipVIS-042_00894.jpg,0.036,OK
RipVIS-080_00606.jpg,0.044,OK
RipVIS-118_00186.jpg,0.0326,OK
RipVIS-062_00306.jpg,0.0246,OK
RipVIS-123_00030.jpg,0.0279,OK
RipVIS-031_01734.jpg,0.0343,OK
RipVIS-042_00210.jpg,0.0426,OK
RipVIS-061_00000.jpg,0.0398,OK
RipVIS-086_00324.jpg,0.0274,OK
RipVIS-063_00216.jpg,0.031,OK
RipVIS-062_00300.jpg,0.0245,OK
RipVIS-006_00049.jpg,0.0368,OK
RipVIS-096_00156.jpg,0.0285,OK
RipVIS-111_02172.jpg,0.0234,OK
RipVIS-031_00816.jpg,0.0408,OK
RipVIS-063_00318.jpg,0.0265,OK
RipVIS-088_00012.jpg,0.0359,OK
RipVIS-060_00150.jpg,0.0286,OK
RipVIS-049_00036.jpg,0.0333,OK
RipVIS-031_01668.jpg,0.028,OK
RipVIS-050_00024.jpg,0.0484,OK
RipVIS-031_01410.jpg,0.0269,OK
RipVIS-042_00054.jpg,0.0442,OK
RipVIS-032_00456.jpg,0.0323,OK
RipVIS-006_00034.jpg,0.0352,OK
RipVIS-080_00036.jpg,0.0274,OK
RipVIS-111_01464.jpg,0.0404,OK
RipVIS-096_00222.jpg,0.0402,OK
RipVIS-101_00960.jpg,0.0208,OK
RipVIS-045_01320.jpg,0.041,OK
RipVIS-058_00012.jpg,0.026,OK
RipVIS-031_01116.jpg,0.0379,OK
RipVIS-032_00588.jpg,0.0304,OK
RipVIS-042_00840.jpg,0.0348,OK
RipVIS-031_01164.jpg,0.0373,OK
RipVIS-011_00039.jpg,0.049,OK
RipVIS-086_00336.jpg,0.0301,OK
RipVIS-088_00024.jpg,0.0364,OK
RipVIS-049_00378.jpg,0.0366,OK
RipVIS-033_00016.jpg,0.0439,OK
RipVIS-031_00612.jpg,0.0429,OK
RipVIS-111_00840.jpg,0.0468,OK
RipVIS-116_00354.jpg,0.0209,OK
RipVIS-042_00852.jpg,0.0347,OK
RipVIS-032_00654.jpg,0.0257,OK
RipVIS-033_00007.jpg,0.0369,OK
RipVIS-057_00324.jpg,0.0228,OK
RipVIS-042_00888.jpg,0.0358,OK
RipVIS-084_00114.jpg,0.0205,OK
RipVIS-126_00750.jpg,0.0496,OK
RipVIS-031_00852.jpg,0.039,OK
RipVIS-056_00102.jpg,0.0279,OK
RipVIS-111_02556.jpg,0.0209,OK
RipVIS-031_00942.jpg,0.0406,OK
RipVIS-101_00606.jpg,0.02,OK
RipVIS-031_01770.jpg,0.0323,OK
RipVIS-029_01128.jpg,0.0435,OK
RipVIS-049_00450.jpg,0.0487,OK
RipVIS-054_00072.jpg,0.0449,OK
RipVIS-104_00162.jpg,0.0246,OK
RipVIS-029_00804.jpg,0.0462,OK
RipVIS-033_00035.jpg,0.0468,OK
RipVIS-031_01416.jpg,0.0278,OK
RipVIS-060_00174.jpg,0.0237,OK
RipVIS-111_01908.jpg,0.0215,OK
RipVIS-006_00043.jpg,0.0336,OK
RipVIS-032_00024.jpg,0.0318,OK
RipVIS-033_00024.jpg,0.0377,OK
RipVIS-042_00768.jpg,0.0337,OK
RipVIS-031_01038.jpg,0.0411,OK
RipVIS-029_01242.jpg,0.0452,OK
RipVIS-116_00420.jpg,0.0204,OK
RipVIS-031_00984.jpg,0.0376,OK
RipVIS-031_00642.jpg,0.0434,OK
RipVIS-088_00216.jpg,0.0355,OK
RipVIS-032_00726.jpg,0.0321,OK
RipVIS-086_00576.jpg,0.0265,OK
RipVIS-042_00342.jpg,0.0406,OK
RipVIS-056_00006.jpg,0.024,OK
RipVIS-087_00984.jpg,0.0479,OK
RipVIS-084_00030.jpg,0.026,OK
RipVIS-054_00006.jpg,0.0437,OK
RipVIS-060_00204.jpg,0.02,OK
RipVIS-118_00162.jpg,0.0326,OK
RipVIS-118_00222.jpg,0.0461,OK
RipVIS-118_00192.jpg,0.0326,OK
RipVIS-032_00684.jpg,0.0258,OK
RipVIS-096_00120.jpg,0.0273,OK
RipVIS-101_01080.jpg,0.0247,OK
RipVIS-111_01428.jpg,0.0428,OK
RipVIS-042_00306.jpg,0.0412,OK
RipVIS-054_00066.jpg,0.0449,OK
RipVIS-089_00396.jpg,0.0262,OK
RipVIS-062_00216.jpg,0.0363,OK
RipVIS-045_01812.jpg,0.0428,OK
RipVIS-104_00012.jpg,0.0339,OK
RipVIS-033_00047.jpg,0.0417,OK
RipVIS-068_00078.jpg,0.0223,OK
RipVIS-042_00444.jpg,0.0309,OK
RipVIS-031_01242.jpg,0.0382,OK
RipVIS-042_00060.jpg,0.0438,OK
RipVIS-063_00066.jpg,0.033,OK
RipVIS-086_00888.jpg,0.0264,OK
RipVIS-058_00078.jpg,0.0331,OK
RipVIS-032_00750.jpg,0.0303,OK
RipVIS-086_00168.jpg,0.0286,OK
RipVIS-111_02244.jpg,0.0224,OK
RipVIS-062_00294.jpg,0.0245,OK
RipVIS-091_00240.jpg,0.0211,OK
RipVIS-087_00156.jpg,0.0436,OK
RipVIS-104_00282.jpg,0.0278,OK
RipVIS-084_02250.jpg,0.038,OK
RipVIS-058_00366.jpg,0.0301,OK
RipVIS-031_00960.jpg,0.0427,OK
RipVIS-060_00102.jpg,0.0272,OK
RipVIS-149_00090.jpg,0.0428,OK
RipVIS-071_00156.jpg,0.0234,OK
RipVIS-080_00030.jpg,0.0264,OK
RipVIS-111_01920.jpg,0.0212,OK
RipVIS-031_01110.jpg,0.0395,OK
RipVIS-031_01440.jpg,0.028,OK
RipVIS-032_00756.jpg,0.0294,OK
RipVIS-091_00168.jpg,0.0234,OK
RipVIS-031_00804.jpg,0.0407,OK
RipVIS-058_00546.jpg,0.0228,OK
RipVIS-058_00552.jpg,0.0234,OK
RipVIS-111_01608.jpg,0.0287,OK
RipVIS-029_00924.jpg,0.0435,OK
RipVIS-056_00156.jpg,0.0248,OK
RipVIS-004_00019.jpg,0.0286,OK
RipVIS-032_00708.jpg,0.0306,OK
RipVIS-080_00402.jpg,0.0332,OK
RipVIS-031_01086.jpg,0.0409,OK
RipVIS-045_01548.jpg,0.0429,OK
RipVIS-031_00636.jpg,0.0422,OK
RipVIS-031_01308.jpg,0.0297,OK
RipVIS-054_00054.jpg,0.0451,OK
RipVIS-031_01686.jpg,0.028,OK
RipVIS-031_00672.jpg,0.0451,OK
RipVIS-031_00510.jpg,0.0444,OK
RipVIS-091_00126.jpg,0.024,OK
RipVIS-042_00222.jpg,0.0417,OK
RipVIS-111_00936.jpg,0.0482,OK
RipVIS-056_00300.jpg,0.0228,OK
RipVIS-033_00018.jpg,0.0439,OK
RipVIS-031_01542.jpg,0.0271,OK
RipVIS-031_00690.jpg,0.0422,OK
RipVIS-056_00228.jpg,0.0283,OK
RipVIS-031_00546.jpg,0.0452,OK
RipVIS-031_01530.jpg,0.0282,OK
RipVIS-111_02208.jpg,0.0231,OK
RipVIS-086_01272.jpg,0.0292,OK
RipVIS-031_00912.jpg,0.0398,OK
RipVIS-080_00450.jpg,0.0251,OK
RipVIS-058_00522.jpg,0.0204,OK
RipVIS-031_01602.jpg,0.0286,OK
RipVIS-127_00100.jpg,0.0325,OK
RipVIS-042_00294.jpg,0.0413,OK
RipVIS-104_00294.jpg,0.0273,OK
RipVIS-087_00108.jpg,0.0443,OK
RipVIS-054_00120.jpg,0.0449,OK
RipVIS-111_01812.jpg,0.0213,OK
RipVIS-042_00432.jpg,0.031,OK
RipVIS-032_00408.jpg,0.0294,OK
RipVIS-054_00096.jpg,0.045,OK
RipVIS-089_00276.jpg,0.0258,OK
RipVIS-029_01170.jpg,0.0456,OK
RipVIS-029_01098.jpg,0.0428,OK
RipVIS-042_00708.jpg,0.0352,OK
RipVIS-042_00732.jpg,0.0353,OK
RipVIS-029_01200.jpg,0.0462,OK
RipVIS-033_00030.jpg,0.0409,OK
RipVIS-111_00816.jpg,0.0468,OK
RipVIS-029_01026.jpg,0.0454,OK
RipVIS-087_00504.jpg,0.0381,OK
RipVIS-031_00678.jpg,0.0452,OK
RipVIS-033_00025.jpg,0.0392,OK
RipVIS-096_00240.jpg,0.0408,OK
RipVIS-054_00084.jpg,0.0448,OK
RipVIS-060_00264.jpg,0.0282,OK
RipVIS-031_01278.jpg,0.0306,OK
RipVIS-031_00378.jpg,0.043,OK
RipVIS-032_00810.jpg,0.0276,OK
RipVIS-056_00150.jpg,0.0247,OK
RipVIS-042_00516.jpg,0.0359,OK
RipVIS-104_00216.jpg,0.0308,OK
RipVIS-029_00882.jpg,0.0443,OK
RipVIS-032_00360.jpg,0.0386,OK
RipVIS-042_00966.jpg,0.0364,OK
RipVIS-031_01056.jpg,0.0414,OK
RipVIS-054_00126.jpg,0.0449,OK
RipVIS-080_00612.jpg,0.0353,OK
RipVIS-063_00258.jpg,0.0291,OK
RipVIS-042_00882.jpg,0.0372,OK
RipVIS-042_00240.jpg,0.0432,OK
RipVIS-005_00846.jpg,0.0257,OK
RipVIS-050_00036.jpg,0.0486,OK
RipVIS-058_00558.jpg,0.0221,OK
RipVIS-096_00174.jpg,0.0275,OK
RipVIS-111_01392.jpg,0.044,OK
RipVIS-032_00672.jpg,0.026,OK
RipVIS-033_00069.jpg,0.0385,OK
RipVIS-104_00366.jpg,0.0265,OK
RipVIS-060_00288.jpg,0.0261,OK
RipVIS-032_00042.jpg,0.0317,OK
RipVIS-060_00144.jpg,0.0315,OK
RipVIS-029_01272.jpg,0.0484,OK
RipVIS-057_00378.jpg,0.0212,OK
RipVIS-084_00198.jpg,0.0254,OK
RipVIS-086_00048.jpg,0.0262,OK
RipVIS-071_00240.jpg,0.0294,OK
RipVIS-080_00066.jpg,0.0422,OK
RipVIS-091_00276.jpg,0.0219,OK
RipVIS-111_02268.jpg,0.0277,OK
RipVIS-058_00576.jpg,0.033,OK
RipVIS-032_00798.jpg,0.0276,OK
RipVIS-091_00246.jpg,0.0203,OK
RipVIS-149_00450.jpg,0.0372,OK
RipVIS-088_00000.jpg,0.0346,OK
RipVIS-086_01104.jpg,0.027,OK
RipVIS-050_00012.jpg,0.0466,OK
RipVIS-042_00570.jpg,0.035,OK
RipVIS-006_00047.jpg,0.0374,OK
RipVIS-086_00240.jpg,0.0288,OK
RipVIS-031_00696.jpg,0.0423,OK
RipVIS-085_00558.jpg,0.0438,OK
RipVIS-029_00108.jpg,0.0783,OK
RipVIS-018_00316.jpg,0.1131,OK
RipVIS-045_05616.jpg,0.0898,OK
RipVIS-016_00086.jpg,0.0516,OK
RipVIS-084_01074.jpg,0.0721,OK
RipVIS-034_00039.jpg,0.1044,OK
RipVIS-004_00134.jpg,0.0652,OK
RipVIS-084_02046.jpg,0.0833,OK
RipVIS-018_00329.jpg,0.117,OK
RipVIS-016_00024.jpg,0.0536,OK
RipVIS-018_00174.jpg,0.1394,OK
RipVIS-004_00169.jpg,0.0689,OK
RipVIS-084_01746.jpg,0.1006,OK
RipVIS-004_00156.jpg,0.0642,OK
RipVIS-006_00060.jpg,0.0541,OK
RipVIS-006_00222.jpg,0.0852,OK
RipVIS-045_05628.jpg,0.0926,OK
RipVIS-045_06096.jpg,0.1385,OK
RipVIS-045_03282.jpg,0.0867,OK
RipVIS-095_00066.jpg,0.0734,OK
RipVIS-045_02610.jpg,0.0815,OK
RipVIS-084_00570.jpg,0.052,OK
RipVIS-018_00312.jpg,0.1131,OK
RipVIS-018_00323.jpg,0.1161,OK
RipVIS-045_03786.jpg,0.082,OK
RipVIS-031_00132.jpg,0.0527,OK
RipVIS-045_05124.jpg,0.1122,OK
RipVIS-084_01308.jpg,0.0888,OK
RipVIS-045_06294.jpg,0.1208,OK
RipVIS-005_00462.jpg,0.1071,OK
RipVIS-050_00126.jpg,0.0533,OK
RipVIS-006_00287.jpg,0.0636,OK
RipVIS-045_00318.jpg,0.0902,OK
RipVIS-080_00894.jpg,0.0767,OK
RipVIS-006_00135.jpg,0.0936,OK
RipVIS-004_00099.jpg,0.0761,OK
RipVIS-004_00086.jpg,0.0615,OK
RipVIS-006_00166.jpg,0.0853,OK
RipVIS-084_00426.jpg,0.0518,OK
RipVIS-117_00306.jpg,0.0816,OK
RipVIS-031_00180.jpg,0.0537,OK
RipVIS-005_00240.jpg,0.0948,OK
RipVIS-087_02244.jpg,0.0736,OK
RipVIS-049_00096.jpg,0.0599,OK
RipVIS-018_00331.jpg,0.117,OK
RipVIS-005_00780.jpg,0.0975,OK
RipVIS-077_00498.jpg,0.0699,OK
RipVIS-004_00140.jpg,0.0624,OK
RipVIS-005_01164.jpg,0.0792,OK
RipVIS-045_02112.jpg,0.0903,OK
RipVIS-004_00262.jpg,0.0677,OK
RipVIS-018_00276.jpg,0.1358,OK
RipVIS-085_00510.jpg,0.0767,OK
RipVIS-041_00276.jpg,0.1248,OK
RipVIS-050_00366.jpg,0.0899,OK
RipVIS-118_00336.jpg,0.065,OK
RipVIS-005_00144.jpg,0.1058,OK
RipVIS-018_00193.jpg,0.1264,OK
RipVIS-084_00900.jpg,0.0765,OK
RipVIS-006_00151.jpg,0.0944,OK
RipVIS-031_00288.jpg,0.0509,OK
RipVIS-006_00169.jpg,0.0767,OK
RipVIS-040_00011.jpg,0.0881,OK
RipVIS-018_00146.jpg,0.1459,OK
RipVIS-045_02694.jpg,0.0877,OK
RipVIS-122_00750.jpg,0.064,OK
RipVIS-084_00720.jpg,0.0795,OK
RipVIS-087_01344.jpg,0.0716,OK
RipVIS-004_00139.jpg,0.0639,OK
RipVIS-095_00198.jpg,0.0666,OK
RipVIS-006_00237.jpg,0.0854,OK
RipVIS-037_00017.jpg,0.086,OK
RipVIS-049_00054.jpg,0.0539,OK
RipVIS-103_00408.jpg,0.0624,OK
RipVIS-016_00085.jpg,0.0516,OK
RipVIS-017_00151.jpg,0.1377,OK
RipVIS-045_08724.jpg,0.1057,OK
RipVIS-018_00315.jpg,0.1131,OK
RipVIS-017_00077.jpg,0.1119,OK
RipVIS-045_00966.jpg,0.0826,OK
RipVIS-084_01656.jpg,0.0675,OK
RipVIS-006_00243.jpg,0.0632,OK
RipVIS-006_00052.jpg,0.0503,OK
RipVIS-087_01164.jpg,0.0645,OK
RipVIS-084_01332.jpg,0.0857,OK
RipVIS-084_02310.jpg,0.0657,OK
RipVIS-085_00318.jpg,0.0886,OK
RipVIS-084_01164.jpg,0.0835,OK
RipVIS-006_00161.jpg,0.0933,OK
RipVIS-077_00168.jpg,0.083,OK
RipVIS-111_01236.jpg,0.0542,OK
RipVIS-004_00060.jpg,0.065,OK
RipVIS-006_00122.jpg,0.0905,OK
RipVIS-004_00228.jpg,0.0791,OK
RipVIS-031_00684.jpg,0.0502,OK
RipVIS-004_00013.jpg,0.0755,OK
RipVIS-077_00804.jpg,0.0589,OK
RipVIS-045_07926.jpg,0.1044,OK
RipVIS-077_01218.jpg,0.1449,OK
RipVIS-005_00366.jpg,0.095,OK
RipVIS-117_00588.jpg,0.0984,OK
RipVIS-045_05010.jpg,0.1241,OK
RipVIS-077_01104.jpg,0.0976,OK
RipVIS-080_00810.jpg,0.0636,OK
RipVIS-117_00450.jpg,0.066,OK
RipVIS-040_00055.jpg,0.0936,OK
RipVIS-034_00011.jpg,0.1219,OK
RipVIS-111_00012.jpg,0.074,OK
RipVIS-006_00172.jpg,0.0783,OK
RipVIS-095_00012.jpg,0.0665,OK
RipVIS-049_00180.jpg,0.0518,OK
RipVIS-080_00816.jpg,0.055,OK
RipVIS-103_00678.jpg,0.0571,OK
RipVIS-045_03018.jpg,0.0803,OK
RipVIS-084_01044.jpg,0.0734,OK
RipVIS-085_00408.jpg,0.0783,OK
RipVIS-004_00074.jpg,0.0592,OK
RipVIS-045_04992.jpg,0.0972,OK
RipVIS-041_00180.jpg,0.129,OK
RipVIS-036_00001.jpg,0.1418,OK
RipVIS-021_00046.jpg,0.1378,OK
RipVIS-004_00195.jpg,0.0644,OK
RipVIS-045_00246.jpg,0.0866,OK
RipVIS-006_00272.jpg,0.0572,OK
RipVIS-045_08760.jpg,0.0976,OK
RipVIS-003_00012.jpg,0.1207,OK
RipVIS-045_07314.jpg,0.1203,OK
RipVIS-041_00066.jpg,0.1359,OK
RipVIS-040_00008.jpg,0.0909,OK
RipVIS-029_00138.jpg,0.0855,OK
RipVIS-045_00084.jpg,0.071,OK
RipVIS-052_00186.jpg,0.0692,OK
RipVIS-084_01806.jpg,0.0817,OK
RipVIS-034_00014.jpg,0.1105,OK
RipVIS-029_00258.jpg,0.0907,OK
RipVIS-041_00768.jpg,0.1486,OK
RipVIS-045_03906.jpg,0.1053,OK
RipVIS-037_00056.jpg,0.1003,OK
RipVIS-018_00291.jpg,0.1232,OK
RipVIS-084_01140.jpg,0.0748,OK
RipVIS-084_01626.jpg,0.0932,OK
RipVIS-041_00228.jpg,0.1254,OK
RipVIS-041_00426.jpg,0.1289,OK
RipVIS-050_00060.jpg,0.0508,OK
RipVIS-049_00282.jpg,0.0784,OK
RipVIS-141_00105.jpg,0.1011,OK
RipVIS-041_00072.jpg,0.1315,OK
RipVIS-041_00492.jpg,0.1097,OK
RipVIS-085_00324.jpg,0.0817,OK
RipVIS-004_00165.jpg,0.0663,OK
RipVIS-103_00252.jpg,0.0652,OK
RipVIS-045_06846.jpg,0.1173,OK
RipVIS-077_00858.jpg,0.0608,OK
RipVIS-126_00550.jpg,0.0681,OK
RipVIS-061_00114.jpg,0.0557,OK
RipVIS-087_01776.jpg,0.0804,OK
RipVIS-003_00060.jpg,0.1166,OK
RipVIS-111_00420.jpg,0.0695,OK
RipVIS-117_00396.jpg,0.0723,OK
RipVIS-087_01068.jpg,0.057,OK
RipVIS-017_00111.jpg,0.1397,OK
RipVIS-018_00283.jpg,0.1364,OK
RipVIS-103_00186.jpg,0.0699,OK
RipVIS-006_00258.jpg,0.0553,OK
RipVIS-050_00354.jpg,0.1026,OK
RipVIS-035_0024.jpg,0.0963,OK
RipVIS-087_01560.jpg,0.0687,OK
RipVIS-004_00059.jpg,0.0635,OK
RipVIS-084_02400.jpg,0.0601,OK
RipVIS-018_00310.jpg,0.1131,OK
RipVIS-045_08784.jpg,0.0917,OK
RipVIS-045_09042.jpg,0.1211,OK
RipVIS-085_00402.jpg,0.0772,OK
RipVIS-006_00165.jpg,0.0937,OK
RipVIS-004_00186.jpg,0.0731,OK
RipVIS-118_00456.jpg,0.0804,OK
RipVIS-045_07464.jpg,0.1011,OK
RipVIS-018_00240.jpg,0.1444,OK
RipVIS-017_00083.jpg,0.1193,OK
RipVIS-077_01200.jpg,0.1292,OK
RipVIS-045_00744.jpg,0.0831,OK
RipVIS-117_00528.jpg,0.0831,OK
RipVIS-004_00178.jpg,0.0727,OK
RipVIS-029_00318.jpg,0.0892,OK
RipVIS-045_03648.jpg,0.1017,OK
RipVIS-135_00144.jpg,0.0692,OK
RipVIS-029_00678.jpg,0.0531,OK
RipVIS-045_07740.jpg,0.1105,OK
RipVIS-005_00168.jpg,0.0942,OK
RipVIS-127_00000.jpg,0.1122,OK
RipVIS-045_00372.jpg,0.0877,OK
RipVIS-051_00288.jpg,0.0785,OK
RipVIS-003_00022.jpg,0.1442,OK
RipVIS-045_08730.jpg,0.1068,OK
RipVIS-087_01572.jpg,0.0776,OK
RipVIS-036_00029.jpg,0.1408,OK
RipVIS-118_00474.jpg,0.056,OK
RipVIS-051_00162.jpg,0.0757,OK
RipVIS-085_00522.jpg,0.0585,OK
RipVIS-050_00342.jpg,0.1184,OK
RipVIS-016_00035.jpg,0.0506,OK
RipVIS-087_02256.jpg,0.0701,OK
RipVIS-006_00131.jpg,0.0813,OK
RipVIS-006_00285.jpg,0.0636,OK
RipVIS-036_00023.jpg,0.1474,OK
RipVIS-080_00570.jpg,0.0539,OK
RipVIS-051_00090.jpg,0.0793,OK
RipVIS-045_07332.jpg,0.1141,OK
RipVIS-045_00882.jpg,0.0794,OK
RipVIS-087_01104.jpg,0.0655,OK
RipVIS-029_00606.jpg,0.0648,OK
RipVIS-045_00780.jpg,0.0763,OK
RipVIS-077_00822.jpg,0.0581,OK
RipVIS-061_00108.jpg,0.0546,OK
RipVIS-005_01128.jpg,0.0914,OK
RipVIS-045_03966.jpg,0.1067,OK
RipVIS-005_00048.jpg,0.0891,OK
RipVIS-045_04644.jpg,0.1084,OK
RipVIS-018_00238.jpg,0.1424,OK
RipVIS-084_00672.jpg,0.0944,OK
RipVIS-045_08148.jpg,0.0858,OK
RipVIS-084_00792.jpg,0.0779,OK
RipVIS-006_00100.jpg,0.0832,OK
RipVIS-037_00009.jpg,0.0764,OK
RipVIS-084_02208.jpg,0.0608,OK
RipVIS-035_0026.jpg,0.095,OK
RipVIS-033_00001.jpg,0.0686,OK
RipVIS-006_00111.jpg,0.0665,OK
RipVIS-045_04320.jpg,0.1135,OK
RipVIS-004_00174.jpg,0.0718,OK
RipVIS-045_03606.jpg,0.0939,OK
RipVIS-028_00216.jpg,0.136,OK
RipVIS-016_00081.jpg,0.0516,OK
RipVIS-045_05178.jpg,0.0968,OK
RipVIS-005_00108.jpg,0.0735,OK
RipVIS-031_00006.jpg,0.0573,OK
RipVIS-045_06702.jpg,0.1412,OK
RipVIS-045_02130.jpg,0.0841,OK
RipVIS-028_00174.jpg,0.1338,OK
RipVIS-018_00169.jpg,0.1394,OK
RipVIS-045_06138.jpg,0.1485,OK
RipVIS-050_00360.jpg,0.0961,OK
RipVIS-004_00201.jpg,0.071,OK
RipVIS-005_00966.jpg,0.1302,OK
RipVIS-080_00474.jpg,0.063,OK
RipVIS-004_00122.jpg,0.0659,OK
RipVIS-084_00558.jpg,0.0519,OK
RipVIS-051_00372.jpg,0.0755,OK
RipVIS-064_00108.jpg,0.1463,OK
RipVIS-045_08172.jpg,0.0772,OK
RipVIS-087_02352.jpg,0.0723,OK
RipVIS-122_00180.jpg,0.055,OK
RipVIS-080_00534.jpg,0.0747,OK
RipVIS-006_00067.jpg,0.0608,OK
RipVIS-087_01608.jpg,0.0766,OK
RipVIS-041_00384.jpg,0.1265,OK
RipVIS-117_00072.jpg,0.0602,OK
RipVIS-111_00720.jpg,0.0547,OK
RipVIS-077_00876.jpg,0.0811,OK
RipVIS-010_00070.jpg,0.1363,OK
RipVIS-045_08778.jpg,0.0848,OK
RipVIS-016_00020.jpg,0.0567,OK
RipVIS-017_00296.jpg,0.1221,OK
RipVIS-057_00468.jpg,0.0637,OK
RipVIS-017_00076.jpg,0.111,OK
RipVIS-084_01290.jpg,0.0838,OK
RipVIS-057_00114.jpg,0.0809,OK
RipVIS-077_01032.jpg,0.0891,OK
RipVIS-045_01110.jpg,0.0601,OK
RipVIS-006_00000.jpg,0.0722,OK
RipVIS-045_05190.jpg,0.1146,OK
RipVIS-087_01800.jpg,0.0843,OK
RipVIS-004_00124.jpg,0.0603,OK
RipVIS-117_00486.jpg,0.075,OK
RipVIS-077_01044.jpg,0.0974,OK
RipVIS-118_00288.jpg,0.0612,OK
RipVIS-006_00077.jpg,0.0647,OK
RipVIS-084_00948.jpg,0.0819,OK
RipVIS-041_00210.jpg,0.1289,OK
RipVIS-029_00264.jpg,0.0907,OK
RipVIS-103_00702.jpg,0.0528,OK
RipVIS-004_00012.jpg,0.0594,OK
RipVIS-016_00078.jpg,0.0513,OK
RipVIS-084_01182.jpg,0.083,OK
RipVIS-041_00132.jpg,0.1286,OK
RipVIS-050_00066.jpg,0.05,OK
RipVIS-040_00026.jpg,0.0766,OK
RipVIS-049_00342.jpg,0.0762,OK
RipVIS-005_00036.jpg,0.1035,OK
RipVIS-052_00018.jpg,0.132,OK
RipVIS-045_07338.jpg,0.1176,OK
RipVIS-103_00228.jpg,0.0708,OK
RipVIS-118_00624.jpg,0.0692,OK
RipVIS-045_00420.jpg,0.0854,OK
RipVIS-037_00047.jpg,0.0975,OK
RipVIS-016_00026.jpg,0.0528,OK
RipVIS-018_00163.jpg,0.1408,OK
RipVIS-103_00312.jpg,0.0527,OK
RipVIS-035_0022.jpg,0.0986,OK
RipVIS-111_00156.jpg,0.0703,OK
RipVIS-004_00219.jpg,0.0768,OK
RipVIS-084_01824.jpg,0.0709,OK
RipVIS-030_00240.jpg,0.1481,OK
RipVIS-004_00160.jpg,0.0659,OK
RipVIS-057_00396.jpg,0.0587,OK
RipVIS-051_00396.jpg,0.0742,OK
RipVIS-057_00450.jpg,0.0816,OK
RipVIS-017_00081.jpg,0.1198,OK
RipVIS-045_06588.jpg,0.1486,OK
RipVIS-035_0020.jpg,0.1462,OK
RipVIS-084_01644.jpg,0.0766,OK
RipVIS-006_00118.jpg,0.0765,OK
RipVIS-020_00097.jpg,0.1058,OK
RipVIS-017_00093.jpg,0.1121,OK
RipVIS-064_00078.jpg,0.1336,OK
RipVIS-051_00138.jpg,0.0722,OK
RipVIS-045_05970.jpg,0.1498,OK
RipVIS-051_00192.jpg,0.0753,OK
RipVIS-004_00032.jpg,0.0927,OK
RipVIS-006_00006.jpg,0.0711,OK
RipVIS-045_04650.jpg,0.1218,OK
RipVIS-035_0019.jpg,0.1462,OK
RipVIS-004_00030.jpg,0.0822,OK
RipVIS-029_00648.jpg,0.06,OK
RipVIS-045_04698.jpg,0.1218,OK
RipVIS-041_00288.jpg,0.1195,OK
RipVIS-006_00061.jpg,0.0518,OK
RipVIS-005_01002.jpg,0.1285,OK
RipVIS-029_00432.jpg,0.0962,OK
RipVIS-084_01320.jpg,0.0857,OK
RipVIS-084_01218.jpg,0.0801,OK
RipVIS-029_00474.jpg,0.0901,OK
RipVIS-004_00241.jpg,0.0718,OK
RipVIS-018_00314.jpg,0.1131,OK
RipVIS-045_05610.jpg,0.0873,OK
RipVIS-045_07506.jpg,0.0984,OK
RipVIS-029_00150.jpg,0.0809,OK
RipVIS-141_00075.jpg,0.0808,OK
RipVIS-005_00210.jpg,0.1016,OK
RipVIS-084_01362.jpg,0.082,OK
RipVIS-095_00072.jpg,0.0753,OK
RipVIS-006_00247.jpg,0.0635,OK
RipVIS-045_00690.jpg,0.082,OK
RipVIS-117_00570.jpg,0.1002,OK
RipVIS-018_00257.jpg,0.145,OK
RipVIS-077_00156.jpg,0.0802,OK
RipVIS-041_00120.jpg,0.1301,OK
RipVIS-041_00534.jpg,0.1036,OK
RipVIS-045_02568.jpg,0.0751,OK
RipVIS-084_02124.jpg,0.0664,OK
RipVIS-017_00091.jpg,0.1195,OK
RipVIS-005_00492.jpg,0.1007,OK
RipVIS-005_00114.jpg,0.1007,OK
RipVIS-045_06600.jpg,0.1469,OK
RipVIS-016_00008.jpg,0.0555,OK
RipVIS-031_00210.jpg,0.052,OK
RipVIS-018_00333.jpg,0.1215,OK
RipVIS-045_04638.jpg,0.1084,OK
RipVIS-045_07890.jpg,0.1046,OK
RipVIS-077_01224.jpg,0.1104,OK
RipVIS-029_00582.jpg,0.0763,OK
RipVIS-050_00294.jpg,0.1345,OK
RipVIS-045_03864.jpg,0.1092,OK
RipVIS-034_00000.jpg,0.1388,OK
RipVIS-103_00498.jpg,0.059,OK
RipVIS-045_08028.jpg,0.1032,OK
RipVIS-126_00650.jpg,0.0504,OK
RipVIS-103_00288.jpg,0.051,OK
RipVIS-029_00612.jpg,0.0648,OK
RipVIS-018_00326.jpg,0.117,OK
RipVIS-021_00013.jpg,0.1479,OK
RipVIS-103_00090.jpg,0.0761,OK
RipVIS-045_03540.jpg,0.0971,OK
RipVIS-006_00249.jpg,0.0661,OK
RipVIS-045_02286.jpg,0.1025,OK
RipVIS-049_00408.jpg,0.0547,OK
RipVIS-016_00083.jpg,0.0516,OK
RipVIS-084_01740.jpg,0.0963,OK
RipVIS-050_00078.jpg,0.0513,OK
RipVIS-111_00384.jpg,0.068,OK
RipVIS-085_00102.jpg,0.1042,OK
RipVIS-004_00083.jpg,0.0645,OK
RipVIS-117_00264.jpg,0.0804,OK
RipVIS-077_00564.jpg,0.0687,OK
RipVIS-087_01368.jpg,0.0718,OK
RipVIS-084_01242.jpg,0.08,OK
RipVIS-003_00078.jpg,0.1362,OK
RipVIS-036_00005.jpg,0.1399,OK
RipVIS-037_00011.jpg,0.0781,OK
RipVIS-049_00300.jpg,0.0782,OK
RipVIS-050_00132.jpg,0.0574,OK
RipVIS-118_00426.jpg,0.0721,OK
RipVIS-004_00164.jpg,0.0643,OK
RipVIS-005_00690.jpg,0.0986,OK
RipVIS-103_00660.jpg,0.0567,OK
RipVIS-034_00051.jpg,0.1173,OK
RipVIS-005_00150.jpg,0.0909,OK
RipVIS-004_00207.jpg,0.0664,OK
RipVIS-045_04722.jpg,0.1199,OK
RipVIS-085_00078.jpg,0.105,OK
RipVIS-080_00654.jpg,0.0925,OK
RipVIS-052_00072.jpg,0.0601,OK
RipVIS-020_00093.jpg,0.1058,OK
RipVIS-077_01188.jpg,0.114,OK
RipVIS-087_01668.jpg,0.0857,OK
RipVIS-041_00222.jpg,0.1269,OK
RipVIS-057_00066.jpg,0.0726,OK
RipVIS-111_00216.jpg,0.0701,OK
RipVIS-031_00102.jpg,0.0519,OK
RipVIS-004_00089.jpg,0.0595,OK
RipVIS-006_00163.jpg,0.0963,OK
RipVIS-005_00792.jpg,0.0734,OK
RipVIS-029_00300.jpg,0.09,OK
RipVIS-095_00210.jpg,0.0655,OK
RipVIS-084_00942.jpg,0.0734,OK
RipVIS-018_00340.jpg,0.124,OK
RipVIS-004_00110.jpg,0.0638,OK
RipVIS-045_02790.jpg,0.0877,OK
RipVIS-018_00186.jpg,0.125,OK
RipVIS-004_00146.jpg,0.0582,OK
RipVIS-041_00156.jpg,0.1287,OK
RipVIS-045_08346.jpg,0.0733,OK
RipVIS-006_00257.jpg,0.0543,OK
RipVIS-077_00900.jpg,0.0835,OK
RipVIS-028_00054.jpg,0.1494,OK
RipVIS-018_00299.jpg,0.1247,OK
RipVIS-005_00090.jpg,0.0895,OK
RipVIS-031_00276.jpg,0.0512,OK
RipVIS-018_00261.jpg,0.1265,OK
RipVIS-031_00246.jpg,0.0534,OK
RipVIS-052_00036.jpg,0.0704,OK
RipVIS-084_02022.jpg,0.0793,OK
RipVIS-118_00258.jpg,0.05,OK
RipVIS-122_00090.jpg,0.0541,OK
RipVIS-018_00144.jpg,0.1443,OK
RipVIS-018_00166.jpg,0.1408,OK
RipVIS-004_00230.jpg,0.0715,OK
RipVIS-084_00996.jpg,0.0684,OK
RipVIS-057_00138.jpg,0.0875,OK
RipVIS-077_01332.jpg,0.1062,OK
RipVIS-045_01914.jpg,0.0994,OK
RipVIS-077_01212.jpg,0.1177,OK
RipVIS-029_00570.jpg,0.0734,OK
RipVIS-018_00043.jpg,0.1462,OK
RipVIS-118_00018.jpg,0.0764,OK
RipVIS-018_00196.jpg,0.1264,OK
RipVIS-006_00071.jpg,0.0611,OK
RipVIS-006_00072.jpg,0.0626,OK
RipVIS-080_00468.jpg,0.0691,OK
RipVIS-041_00198.jpg,0.1286,OK
RipVIS-052_00264.jpg,0.0566,OK
RipVIS-006_00217.jpg,0.0772,OK
RipVIS-045_04428.jpg,0.1299,OK
RipVIS-045_04692.jpg,0.1218,OK
RipVIS-045_07020.jpg,0.1106,OK
RipVIS-045_06426.jpg,0.1447,OK
RipVIS-018_00041.jpg,0.1493,OK
RipVIS-076_00792.jpg,0.1306,OK
RipVIS-077_00354.jpg,0.0677,OK
RipVIS-049_00330.jpg,0.0797,OK
RipVIS-018_00263.jpg,0.1265,OK
RipVIS-016_00056.jpg,0.0626,OK
RipVIS-004_00167.jpg,0.0685,OK
RipVIS-045_04548.jpg,0.1133,OK
RipVIS-057_00438.jpg,0.082,OK
RipVIS-034_00040.jpg,0.1044,OK
RipVIS-080_00936.jpg,0.0658,OK
RipVIS-004_00038.jpg,0.0875,OK
RipVIS-084_00978.jpg,0.0707,OK
RipVIS-087_01044.jpg,0.0615,OK
RipVIS-126_00600.jpg,0.0546,OK
RipVIS-004_00063.jpg,0.0643,OK
RipVIS-041_00612.jpg,0.1165,OK
RipVIS-040_00014.jpg,0.083,OK
RipVIS-087_01632.jpg,0.0779,OK
RipVIS-017_00011.jpg,0.1409,OK
RipVIS-064_00018.jpg,0.0687,OK
RipVIS-103_00756.jpg,0.0524,OK
RipVIS-018_00267.jpg,0.1282,OK
RipVIS-052_00252.jpg,0.0668,OK
RipVIS-080_00672.jpg,0.0715,OK
RipVIS-029_00768.jpg,0.0506,OK
RipVIS-037_00039.jpg,0.1148,OK
RipVIS-005_00744.jpg,0.0953,OK
RipVIS-041_00048.jpg,0.1326,OK
RipVIS-041_00432.jpg,0.1285,OK
RipVIS-077_00966.jpg,0.0687,OK
RipVIS-004_00147.jpg,0.0557,OK
RipVIS-018_00360.jpg,0.1132,OK
RipVIS-031_00186.jpg,0.0536,OK
RipVIS-041_00480.jpg,0.113,OK
RipVIS-087_01944.jpg,0.0777,OK
RipVIS-004_00039.jpg,0.0907,OK
RipVIS-095_00156.jpg,0.0718,OK
RipVIS-004_00210.jpg,0.0723,OK
RipVIS-036_00025.jpg,0.1454,OK
RipVIS-004_00006.jpg,0.0991,OK
RipVIS-041_00594.jpg,0.1111,OK
RipVIS-017_00054.jpg,0.0675,OK
RipVIS-037_00019.jpg,0.0822,OK
RipVIS-005_01152.jpg,0.0801,OK
RipVIS-004_00204.jpg,0.07,OK
RipVIS-028_00294.jpg,0.1458,OK
RipVIS-037_00045.jpg,0.1065,OK
RipVIS-077_00510.jpg,0.0676,OK
RipVIS-118_00396.jpg,0.076,OK
RipVIS-005_00816.jpg,0.0606,OK
RipVIS-016_00093.jpg,0.0516,OK
RipVIS-018_00149.jpg,0.1467,OK
RipVIS-049_00372.jpg,0.0668,OK
RipVIS-103_00378.jpg,0.0579,OK
RipVIS-111_00540.jpg,0.0538,OK
RipVIS-005_00186.jpg,0.0984,OK
RipVIS-095_00168.jpg,0.0696,OK
RipVIS-010_00065.jpg,0.1222,OK
RipVIS-017_00103.jpg,0.1415,OK
RipVIS-087_01428.jpg,0.0766,OK
RipVIS-010_00050.jpg,0.1228,OK
RipVIS-103_00558.jpg,0.0628,OK
RipVIS-006_00093.jpg,0.091,OK
RipVIS-122_00450.jpg,0.09,OK
RipVIS-018_00133.jpg,0.1439,OK
RipVIS-004_00031.jpg,0.087,OK
RipVIS-077_00882.jpg,0.0812,OK
RipVIS-006_00104.jpg,0.082,OK
RipVIS-005_00384.jpg,0.0914,OK
RipVIS-018_00017.jpg,0.1419,OK
RipVIS-084_01482.jpg,0.0881,OK
RipVIS-029_00078.jpg,0.0888,OK
RipVIS-018_00266.jpg,0.1282,OK
RipVIS-028_00138.jpg,0.1475,OK
RipVIS-045_03576.jpg,0.1057,OK
RipVIS-103_00198.jpg,0.0707,OK
RipVIS-045_08094.jpg,0.0987,OK
RipVIS-004_00246.jpg,0.0721,OK
RipVIS-016_00006.jpg,0.0631,OK
RipVIS-087_01464.jpg,0.0779,OK
RipVIS-077_00144.jpg,0.0928,OK
RipVIS-017_00222.jpg,0.1377,OK
RipVIS-045_01908.jpg,0.0996,OK
RipVIS-017_00154.jpg,0.1388,OK
RipVIS-051_00264.jpg,0.0785,OK
RipVIS-005_00006.jpg,0.073,OK
RipVIS-085_00462.jpg,0.0957,OK
RipVIS-084_02136.jpg,0.0732,OK
RipVIS-018_00058.jpg,0.1462,OK
RipVIS-087_02316.jpg,0.0747,OK
RipVIS-080_00522.jpg,0.0806,OK
RipVIS-004_00254.jpg,0.0726,OK
RipVIS-034_00046.jpg,0.1168,OK
RipVIS-045_04506.jpg,0.1113,OK
RipVIS-006_00143.jpg,0.111,OK
RipVIS-045_03600.jpg,0.1073,OK
RipVIS-004_00044.jpg,0.0825,OK
RipVIS-141_00005.jpg,0.0546,OK
RipVIS-084_01752.jpg,0.0952,OK
RipVIS-017_00107.jpg,0.1397,OK
RipVIS-045_05202.jpg,0.1111,OK
RipVIS-041_00444.jpg,0.1301,OK
RipVIS-006_00260.jpg,0.0566,OK
RipVIS-080_00600.jpg,0.0643,OK
RipVIS-085_00066.jpg,0.0815,OK
RipVIS-036_00014.jpg,0.1445,OK
RipVIS-045_04812.jpg,0.1112,OK
RipVIS-041_00354.jpg,0.1255,OK
RipVIS-045_06018.jpg,0.1492,OK
RipVIS-085_00516.jpg,0.0683,OK
RipVIS-003_00019.jpg,0.145,OK
RipVIS-036_00024.jpg,0.1454,OK
RipVIS-005_00192.jpg,0.1121,OK
RipVIS-045_00636.jpg,0.0753,OK
RipVIS-080_00726.jpg,0.0991,OK
RipVIS-041_00696.jpg,0.1333,OK
RipVIS-045_06534.jpg,0.1489,OK
RipVIS-117_00150.jpg,0.0579,OK
RipVIS-117_00204.jpg,0.064,OK
RipVIS-029_00060.jpg,0.0858,OK
RipVIS-117_00546.jpg,0.0892,OK
RipVIS-057_00162.jpg,0.0907,OK
RipVIS-040_00042.jpg,0.0925,OK
RipVIS-045_01104.jpg,0.0606,OK
RipVIS-029_00324.jpg,0.0835,OK
RipVIS-061_00090.jpg,0.0524,OK
RipVIS-045_08466.jpg,0.0886,OK
RipVIS-005_00858.jpg,0.0919,OK
RipVIS-045_06378.jpg,0.1161,OK
RipVIS-004_00217.jpg,0.0781,OK
RipVIS-087_01548.jpg,0.0652,OK
RipVIS-018_00140.jpg,0.1459,OK
RipVIS-057_00186.jpg,0.0885,OK
RipVIS-040_00029.jpg,0.0745,OK
RipVIS-077_00504.jpg,0.0684,OK
RipVIS-087_01212.jpg,0.07,OK
RipVIS-017_00055.jpg,0.0675,OK
RipVIS-095_00132.jpg,0.0714,OK
RipVIS-004_00173.jpg,0.0695,OK
RipVIS-051_00276.jpg,0.081,OK
RipVIS-077_01074.jpg,0.0959,OK
RipVIS-006_00021.jpg,0.0552,OK
RipVIS-045_06924.jpg,0.1142,OK
RipVIS-045_03432.jpg,0.0847,OK
RipVIS-004_00129.jpg,0.0622,OK
RipVIS-035_0032.jpg,0.1432,OK
RipVIS-004_00257.jpg,0.0772,OK
RipVIS-087_02304.jpg,0.0741,OK
RipVIS-087_02172.jpg,0.0798,OK
RipVIS-004_00052.jpg,0.0658,OK
RipVIS-117_00444.jpg,0.0724,OK
RipVIS-077_00474.jpg,0.0617,OK
RipVIS-045_04830.jpg,0.116,OK
RipVIS-016_00079.jpg,0.0516,OK
RipVIS-006_00209.jpg,0.0722,OK
RipVIS-045_07854.jpg,0.1087,OK
RipVIS-103_00738.jpg,0.0502,OK
RipVIS-103_00690.jpg,0.0525,OK
RipVIS-045_05868.jpg,0.0988,OK
RipVIS-041_00378.jpg,0.1253,OK
RipVIS-018_00357.jpg,0.1422,OK
RipVIS-064_00006.jpg,0.0739,OK
RipVIS-045_05478.jpg,0.0821,OK
RipVIS-018_00183.jpg,0.1388,OK
RipVIS-004_00271.jpg,0.0739,OK
RipVIS-084_01548.jpg,0.0932,OK
RipVIS-084_01092.jpg,0.0584,OK
RipVIS-035_0031.jpg,0.095,OK
RipVIS-005_00408.jpg,0.0974,OK
RipVIS-077_00960.jpg,0.0756,OK
RipVIS-005_00054.jpg,0.0938,OK
RipVIS-045_00132.jpg,0.0886,OK
RipVIS-018_00328.jpg,0.117,OK
RipVIS-049_00108.jpg,0.0511,OK
RipVIS-034_00013.jpg,0.1219,OK
RipVIS-018_00302.jpg,0.1208,OK
RipVIS-111_00492.jpg,0.0527,OK
RipVIS-005_00822.jpg,0.0525,OK
RipVIS-117_00612.jpg,0.0937,OK
RipVIS-045_08442.jpg,0.0733,OK
RipVIS-016_00076.jpg,0.0513,OK
RipVIS-087_01884.jpg,0.082,OK
RipVIS-051_00354.jpg,0.0768,OK
RipVIS-045_00900.jpg,0.085,OK
RipVIS-052_00156.jpg,0.0652,OK
RipVIS-028_00192.jpg,0.1307,OK
RipVIS-084_00510.jpg,0.0555,OK
RipVIS-095_00102.jpg,0.0719,OK
RipVIS-031_00258.jpg,0.0538,OK
RipVIS-016_00088.jpg,0.0516,OK
RipVIS-029_00282.jpg,0.0907,OK
RipVIS-122_00060.jpg,0.0549,OK
RipVIS-016_00074.jpg,0.0528,OK
RipVIS-004_00046.jpg,0.0744,OK
RipVIS-004_00066.jpg,0.0607,OK
RipVIS-005_00474.jpg,0.1031,OK
RipVIS-049_00324.jpg,0.0803,OK
RipVIS-118_00330.jpg,0.065,OK
RipVIS-031_00000.jpg,0.059,OK
RipVIS-117_00564.jpg,0.0913,OK
RipVIS-018_00177.jpg,0.1394,OK
RipVIS-045_08934.jpg,0.1028,OK
RipVIS-017_00050.jpg,0.0547,OK
RipVIS-084_00876.jpg,0.0788,OK
RipVIS-045_07578.jpg,0.0599,OK
RipVIS-041_00300.jpg,0.1189,OK
RipVIS-041_00642.jpg,0.117,OK
RipVIS-050_00138.jpg,0.0635,OK
RipVIS-004_00114.jpg,0.0642,OK
RipVIS-080_00300.jpg,0.0595,OK
RipVIS-084_00858.jpg,0.0827,OK
RipVIS-045_03690.jpg,0.0931,OK
RipVIS-045_08106.jpg,0.0939,OK
RipVIS-051_00324.jpg,0.076,OK
RipVIS-005_00948.jpg,0.1494,OK
RipVIS-117_00210.jpg,0.063,OK
RipVIS-006_00232.jpg,0.0856,OK
RipVIS-018_00005.jpg,0.1381,OK
RipVIS-062_00054.jpg,0.0504,OK
RipVIS-087_01716.jpg,0.0819,OK
RipVIS-005_01026.jpg,0.0974,OK
RipVIS-018_00151.jpg,0.1467,OK
RipVIS-084_02130.jpg,0.0732,OK
RipVIS-005_00972.jpg,0.077,OK
RipVIS-077_00744.jpg,0.0604,OK
RipVIS-005_00654.jpg,0.1269,OK
RipVIS-004_00010.jpg,0.0705,OK
RipVIS-040_00017.jpg,0.0747,OK
RipVIS-004_00193.jpg,0.066,OK
RipVIS-041_00684.jpg,0.1292,OK
RipVIS-126_00200.jpg,0.0995,OK
RipVIS-095_00078.jpg,0.073,OK
RipVIS-118_00552.jpg,0.057,OK
RipVIS-076_01080.jpg,0.1067,OK
RipVIS-077_00360.jpg,0.064,OK
RipVIS-045_02550.jpg,0.0947,OK
RipVIS-051_00384.jpg,0.0746,OK
RipVIS-069_00420.jpg,0.1435,OK
RipVIS-006_00013.jpg,0.0665,OK
RipVIS-045_02862.jpg,0.0882,OK
RipVIS-016_00016.jpg,0.0528,OK
RipVIS-005_01032.jpg,0.0865,OK
RipVIS-087_02064.jpg,0.0837,OK
RipVIS-045_07662.jpg,0.0877,OK
RipVIS-050_00114.jpg,0.0531,OK
RipVIS-034_00060.jpg,0.1385,OK
RipVIS-004_00182.jpg,0.0755,OK
RipVIS-006_00134.jpg,0.0902,OK
RipVIS-045_08850.jpg,0.0914,OK
RipVIS-084_01440.jpg,0.0853,OK
RipVIS-003_00009.jpg,0.1227,OK
RipVIS-084_01470.jpg,0.0808,OK
RipVIS-005_01008.jpg,0.1209,OK
RipVIS-004_00309.jpg,0.075,OK
RipVIS-018_00305.jpg,0.117,OK
RipVIS-029_00090.jpg,0.0819,OK
RipVIS-045_04818.jpg,0.118,OK
RipVIS-031_00114.jpg,0.0523,OK
RipVIS-041_00150.jpg,0.1287,OK
RipVIS-087_01752.jpg,0.0818,OK
RipVIS-050_00348.jpg,0.1211,OK
RipVIS-035_0012.jpg,0.1454,OK
RipVIS-031_00216.jpg,0.0519,OK
RipVIS-045_02850.jpg,0.0827,OK
RipVIS-045_03852.jpg,0.1067,OK
RipVIS-051_00234.jpg,0.076,OK
RipVIS-045_03990.jpg,0.1224,OK
RipVIS-004_00184.jpg,0.0751,OK
RipVIS-005_01074.jpg,0.084,OK
RipVIS-111_00336.jpg,0.069,OK
RipVIS-045_07920.jpg,0.1073,OK
RipVIS-004_00009.jpg,0.0765,OK
RipVIS-084_02148.jpg,0.0758,OK
RipVIS-018_00045.jpg,0.1458,OK
RipVIS-018_00317.jpg,0.1131,OK
RipVIS-062_00126.jpg,0.0512,OK
RipVIS-045_00666.jpg,0.0767,OK
RipVIS-016_00061.jpg,0.0612,OK
RipVIS-016_00065.jpg,0.0588,OK
RipVIS-080_00750.jpg,0.0627,OK
RipVIS-080_00828.jpg,0.0864,OK
RipVIS-029_00708.jpg,0.0532,OK
RipVIS-117_00036.jpg,0.0533,OK
RipVIS-017_00139.jpg,0.1434,OK
RipVIS-103_00576.jpg,0.0567,OK
RipVIS-103_00456.jpg,0.0546,OK
RipVIS-004_00212.jpg,0.0713,OK
RipVIS-017_00117.jpg,0.141,OK
RipVIS-017_00069.jpg,0.0942,OK
RipVIS-006_00140.jpg,0.1009,OK
RipVIS-085_00150.jpg,0.1164,OK
RipVIS-087_01272.jpg,0.0739,OK
RipVIS-041_00258.jpg,0.1251,OK
RipVIS-041_01032.jpg,0.1801,OK
RipVIS-045_06402.jpg,0.1761,OK
RipVIS-041_01248.jpg,0.2006,OK
RipVIS-077_01914.jpg,0.2149,OK
RipVIS-064_00870.jpg,0.2607,OK
RipVIS-077_01410.jpg,0.1802,OK
RipVIS-045_06498.jpg,0.1631,OK
RipVIS-083_00444.jpg,0.4261,OK
RipVIS-018_00117.jpg,0.1552,OK
RipVIS-018_00353.jpg,0.1675,OK
RipVIS-041_01698.jpg,0.1884,OK
RipVIS-064_00888.jpg,0.2655,OK
RipVIS-018_00208.jpg,0.2065,OK
RipVIS-020_00041.jpg,0.1793,OK
RipVIS-045_06222.jpg,0.1744,OK
RipVIS-064_00840.jpg,0.2599,OK
RipVIS-018_00255.jpg,0.1521,OK
RipVIS-005_00426.jpg,0.1501,OK
RipVIS-076_00858.jpg,0.2555,OK
RipVIS-083_00132.jpg,0.3171,OK
RipVIS-018_00211.jpg,0.2039,OK
RipVIS-017_00249.jpg,0.2224,OK
RipVIS-082_00018.jpg,0.2563,OK
RipVIS-041_00834.jpg,0.1635,OK
RipVIS-076_01338.jpg,0.3363,OK
RipVIS-017_00130.jpg,0.1598,OK
RipVIS-045_06516.jpg,0.1571,OK
RipVIS-076_00912.jpg,0.2695,OK
RipVIS-017_00101.jpg,0.1589,OK
RipVIS-020_00024.jpg,0.2291,OK
RipVIS-077_01674.jpg,0.1747,OK
RipVIS-070_00096.jpg,0.2996,OK
RipVIS-077_02046.jpg,0.2811,OK
RipVIS-064_00372.jpg,0.2396,OK
RipVIS-064_00768.jpg,0.2385,OK
RipVIS-077_01734.jpg,0.1793,OK
RipVIS-045_06384.jpg,0.1707,OK
RipVIS-064_00336.jpg,0.2481,OK
RipVIS-017_00015.jpg,0.1556,OK
RipVIS-041_01452.jpg,0.1832,OK
RipVIS-064_00984.jpg,0.2639,OK
RipVIS-064_00696.jpg,0.2642,OK
RipVIS-077_01812.jpg,0.2203,OK
RipVIS-076_00738.jpg,0.2257,OK
RipVIS-077_02034.jpg,0.2613,OK
RipVIS-017_00186.jpg,0.1507,OK
RipVIS-064_00264.jpg,0.2609,OK
RipVIS-064_00288.jpg,0.2508,OK
RipVIS-076_00084.jpg,0.3708,OK
RipVIS-020_00038.jpg,0.1793,OK
RipVIS-020_00022.jpg,0.2291,OK
RipVIS-083_00078.jpg,0.313,OK
RipVIS-005_00618.jpg,0.1694,OK
RipVIS-003_00064.jpg,0.1821,OK
RipVIS-076_00930.jpg,0.2753,OK
RipVIS-076_01416.jpg,0.4282,OK
RipVIS-028_00084.jpg,0.1554,OK
RipVIS-022_00004.jpg,0.1952,OK
RipVIS-017_00125.jpg,0.1536,OK
RipVIS-005_00606.jpg,0.1766,OK
RipVIS-018_00066.jpg,0.1601,OK
RipVIS-041_01182.jpg,0.176,OK
RipVIS-076_01326.jpg,0.3341,OK
RipVIS-018_00076.jpg,0.1645,OK
RipVIS-018_00119.jpg,0.1552,OK
RipVIS-041_01668.jpg,0.1833,OK
RipVIS-018_00095.jpg,0.2289,OK
RipVIS-076_00918.jpg,0.2672,OK
RipVIS-041_01374.jpg,0.1825,OK
RipVIS-076_00396.jpg,0.3976,OK
RipVIS-003_00043.jpg,0.2075,OK
RipVIS-020_00102.jpg,0.2016,OK
RipVIS-020_00026.jpg,0.2291,OK
RipVIS-083_00162.jpg,0.3549,OK
RipVIS-017_00254.jpg,0.2135,OK
RipVIS-018_00089.jpg,0.251,OK
RipVIS-077_01530.jpg,0.1841,OK
RipVIS-076_00924.jpg,0.2697,OK
RipVIS-076_00258.jpg,0.3916,OK
RipVIS-083_00708.jpg,0.4077,OK
RipVIS-045_06546.jpg,0.1627,OK
RipVIS-041_01638.jpg,0.1825,OK
RipVIS-020_00100.jpg,0.1742,OK
RipVIS-030_00006.jpg,0.189,OK
RipVIS-083_00666.jpg,0.4062,OK
RipVIS-077_01500.jpg,0.2081,OK
RipVIS-064_00954.jpg,0.2859,OK
RipVIS-018_00223.jpg,0.1735,OK
RipVIS-064_00300.jpg,0.2387,OK
RipVIS-022_00007.jpg,0.1974,OK
RipVIS-076_00864.jpg,0.2285,OK
RipVIS-076_01128.jpg,0.3016,OK
RipVIS-064_00804.jpg,0.2481,OK
RipVIS-064_00780.jpg,0.2573,OK
RipVIS-041_00816.jpg,0.1553,OK
RipVIS-045_06168.jpg,0.1612,OK
RipVIS-017_00178.jpg,0.1646,OK
RipVIS-077_01836.jpg,0.2354,OK
RipVIS-020_00054.jpg,0.1815,OK
RipVIS-041_01482.jpg,0.1844,OK
RipVIS-076_00510.jpg,0.2882,OK
RipVIS-083_00726.jpg,0.4114,OK
RipVIS-028_00060.jpg,0.1541,OK
RipVIS-017_00164.jpg,0.1762,OK
RipVIS-083_00834.jpg,0.3642,OK
RipVIS-076_01230.jpg,0.2769,OK
RipVIS-004_00280.jpg,0.2206,OK
RipVIS-083_00828.jpg,0.3786,OK
RipVIS-083_00636.jpg,0.4153,OK
RipVIS-041_01710.jpg,0.1904,OK
RipVIS-030_00162.jpg,0.192,OK
RipVIS-018_00036.jpg,0.1519,OK
RipVIS-076_00180.jpg,0.3892,OK
RipVIS-020_00043.jpg,0.1821,OK
RipVIS-064_00174.jpg,0.2286,OK
RipVIS-041_01812.jpg,0.1782,OK
RipVIS-076_01398.jpg,0.4026,OK
RipVIS-020_00019.jpg,0.2291,OK
RipVIS-041_00978.jpg,0.1771,OK
RipVIS-018_00102.jpg,0.2367,OK
RipVIS-076_01026.jpg,0.2885,OK
RipVIS-077_01488.jpg,0.1952,OK
RipVIS-064_00906.jpg,0.2649,OK
RipVIS-010_00125.jpg,0.1609,OK
RipVIS-018_00343.jpg,0.1746,OK
RipVIS-041_01236.jpg,0.2002,OK
RipVIS-020_00057.jpg,0.1815,OK
RipVIS-041_01170.jpg,0.1756,OK
RipVIS-077_01518.jpg,0.1834,OK
RipVIS-018_00057.jpg,0.1521,OK
RipVIS-021_00003.jpg,0.1508,OK
RipVIS-003_00068.jpg,0.1645,OK
RipVIS-070_00012.jpg,0.3314,OK
RipVIS-020_00062.jpg,0.1815,OK
RipVIS-077_01878.jpg,0.2363,OK
RipVIS-083_00642.jpg,0.3965,OK
RipVIS-076_00372.jpg,0.3565,OK
RipVIS-076_00408.jpg,0.3868,OK
RipVIS-083_00060.jpg,0.3026,OK
RipVIS-041_01098.jpg,0.1762,OK
RipVIS-041_00774.jpg,0.1655,OK
RipVIS-064_00942.jpg,0.2735,OK
RipVIS-018_00078.jpg,0.1621,OK
RipVIS-077_01728.jpg,0.1852,OK
RipVIS-035_0002.jpg,0.1783,OK
RipVIS-076_00456.jpg,0.3884,OK
RipVIS-076_00834.jpg,0.2318,OK
RipVIS-083_00036.jpg,0.3245,OK
RipVIS-041_01188.jpg,0.1754,OK
RipVIS-041_01050.jpg,0.1729,OK
RipVIS-064_00600.jpg,0.2676,OK
RipVIS-010_00100.jpg,0.1684,OK
RipVIS-041_01146.jpg,0.178,OK
RipVIS-083_00810.jpg,0.3731,OK
RipVIS-030_00228.jpg,0.1556,OK
RipVIS-076_00198.jpg,0.3716,OK
RipVIS-041_01464.jpg,0.1845,OK
RipVIS-018_00098.jpg,0.2286,OK
RipVIS-064_00162.jpg,0.2288,OK
RipVIS-018_00028.jpg,0.1551,OK
RipVIS-028_00270.jpg,0.1502,OK
RipVIS-003_00066.jpg,0.1924,OK
RipVIS-010_00040.jpg,0.1508,OK
RipVIS-077_01392.jpg,0.1546,OK
RipVIS-064_00150.jpg,0.2123,OK
RipVIS-020_00034.jpg,0.1829,OK
RipVIS-082_00108.jpg,0.2389,OK
RipVIS-018_00137.jpg,0.1509,OK
RipVIS-076_01020.jpg,0.2875,OK
RipVIS-057_00030.jpg,0.1687,OK
RipVIS-064_00516.jpg,0.2417,OK
RipVIS-018_00105.jpg,0.2066,OK
RipVIS-064_00204.jpg,0.2375,OK
RipVIS-041_00888.jpg,0.1684,OK
RipVIS-041_00960.jpg,0.1624,OK
RipVIS-045_06558.jpg,0.1618,OK
RipVIS-017_00162.jpg,0.171,OK
RipVIS-021_00008.jpg,0.1542,OK
RipVIS-064_00534.jpg,0.2255,OK
RipVIS-018_00052.jpg,0.1521,OK
RipVIS-041_00918.jpg,0.1549,OK
RipVIS-076_00174.jpg,0.3483,OK
RipVIS-020_00004.jpg,0.2321,OK
RipVIS-076_01008.jpg,0.3041,OK
RipVIS-041_01548.jpg,0.1886,OK
RipVIS-083_00144.jpg,0.3566,OK
RipVIS-077_01626.jpg,0.1675,OK
RipVIS-064_00810.jpg,0.279,OK
RipVIS-041_01788.jpg,0.1838,OK
RipVIS-064_00318.jpg,0.2523,OK
RipVIS-083_00774.jpg,0.3933,OK
RipVIS-077_01950.jpg,0.2053,OK
RipVIS-076_00690.jpg,0.2615,OK
RipVIS-036_00010.jpg,0.1516,OK
RipVIS-070_00072.jpg,0.3058,OK
RipVIS-021_00039.jpg,0.2045,OK
RipVIS-076_01302.jpg,0.2513,OK
RipVIS-077_01974.jpg,0.1932,OK
RipVIS-030_00114.jpg,0.17,OK
RipVIS-010_00075.jpg,0.1622,OK
RipVIS-076_00516.jpg,0.286,OK
RipVIS-064_00396.jpg,0.2459,OK
RipVIS-076_00564.jpg,0.2497,OK
RipVIS-041_01476.jpg,0.1844,OK
RipVIS-003_00054.jpg,0.1906,OK
RipVIS-017_00170.jpg,0.1775,OK
RipVIS-020_00104.jpg,0.2016,OK
RipVIS-045_06474.jpg,0.1728,OK
RipVIS-041_00864.jpg,0.1668,OK
RipVIS-064_00426.jpg,0.2455,OK
RipVIS-041_01500.jpg,0.1919,OK
RipVIS-070_00108.jpg,0.2958,OK
RipVIS-075_00018.jpg,0.215,OK
RipVIS-076_00072.jpg,0.3644,OK
RipVIS-076_00942.jpg,0.2795,OK
RipVIS-030_00192.jpg,0.1542,OK
RipVIS-045_06234.jpg,0.1714,OK
RipVIS-077_02064.jpg,0.2826,OK
RipVIS-083_00672.jpg,0.426,OK
RipVIS-021_00010.jpg,0.1542,OK
RipVIS-020_00060.jpg,0.1815,OK
RipVIS-028_00282.jpg,0.1518,OK
RipVIS-018_00050.jpg,0.1521,OK
RipVIS-020_00074.jpg,0.1815,OK
RipVIS-017_00200.jpg,0.1663,OK
RipVIS-077_01590.jpg,0.1745,OK
RipVIS-017_00133.jpg,0.1562,OK
RipVIS-083_00204.jpg,0.29,OK
RipVIS-020_00030.jpg,0.2217,OK
RipVIS-076_00954.jpg,0.2975,OK
RipVIS-018_00091.jpg,0.2547,OK
RipVIS-064_00468.jpg,0.2488,OK
RipVIS-017_00174.jpg,0.1713,OK
RipVIS-077_01692.jpg,0.1723,OK
RipVIS-041_01758.jpg,0.1853,OK
RipVIS-064_00852.jpg,0.2731,OK
RipVIS-020_00012.jpg,0.2321,OK
RipVIS-018_00097.jpg,0.2314,OK
RipVIS-070_00054.jpg,0.3121,OK
RipVIS-076_00138.jpg,0.3409,OK
RipVIS-020_00002.jpg,0.2321,OK
RipVIS-017_00261.jpg,0.2087,OK
RipVIS-018_00136.jpg,0.1509,OK
RipVIS-045_06438.jpg,0.186,OK
RipVIS-017_00216.jpg,0.1539,OK
RipVIS-028_00018.jpg,0.1663,OK
RipVIS-083_00756.jpg,0.3864,OK
RipVIS-064_00522.jpg,0.2228,OK
RipVIS-076_00468.jpg,0.3403,OK
RipVIS-076_00270.jpg,0.3947,OK
RipVIS-077_01428.jpg,0.1802,OK
RipVIS-064_00762.jpg,0.2607,OK
RipVIS-041_01254.jpg,0.2002,OK
RipVIS-076_00672.jpg,0.2514,OK
RipVIS-064_00144.jpg,0.1877,OK
RipVIS-035_0010.jpg,0.1587,OK
RipVIS-085_00234.jpg,0.1628,OK
RipVIS-075_00048.jpg,0.2356,OK
RipVIS-020_00033.jpg,0.1829,OK
RipVIS-020_00109.jpg,0.1984,OK
RipVIS-020_00031.jpg,0.2217,OK
RipVIS-083_00606.jpg,0.438,OK
RipVIS-076_01260.jpg,0.2644,OK
RipVIS-076_00306.jpg,0.2093,OK
RipVIS-077_01494.jpg,0.1961,OK
RipVIS-075_00000.jpg,0.2302,OK
RipVIS-018_00112.jpg,0.1508,OK
RipVIS-076_00558.jpg,0.2537,OK
RipVIS-041_01152.jpg,0.1775,OK
RipVIS-045_06648.jpg,0.1563,OK
RipVIS-018_00209.jpg,0.2065,OK
RipVIS-017_00140.jpg,0.1718,OK
RipVIS-083_00486.jpg,0.4485,OK
RipVIS-018_00123.jpg,0.1552,OK
RipVIS-085_00210.jpg,0.1539,OK
RipVIS-077_01434.jpg,0.1776,OK
RipVIS-083_00744.jpg,0.4198,OK
RipVIS-077_01722.jpg,0.1878,OK
RipVIS-076_01236.jpg,0.263,OK
RipVIS-018_00079.jpg,0.1621,OK
RipVIS-017_00176.jpg,0.1634,OK
RipVIS-030_00198.jpg,0.1647,OK
RipVIS-076_00990.jpg,0.2932,OK
RipVIS-017_00260.jpg,0.2045,OK
RipVIS-085_00258.jpg,0.1526,OK
RipVIS-018_00249.jpg,0.1507,OK
RipVIS-124_00090.jpg,0.206,OK
RipVIS-076_00318.jpg,0.377,OK
RipVIS-064_00846.jpg,0.2621,OK
RipVIS-064_00738.jpg,0.2577,OK
RipVIS-018_00347.jpg,0.179,OK
RipVIS-076_01266.jpg,0.2599,OK
RipVIS-003_00067.jpg,0.1615,OK
RipVIS-018_00068.jpg,0.1601,OK
RipVIS-064_00774.jpg,0.2607,OK
RipVIS-020_00047.jpg,0.1815,OK
RipVIS-045_06204.jpg,0.1669,OK
RipVIS-020_00051.jpg,0.1815,OK
RipVIS-076_00846.jpg,0.256,OK
RipVIS-018_00032.jpg,0.1551,OK
RipVIS-018_00346.jpg,0.1753,OK
RipVIS-064_00354.jpg,0.2521,OK
RipVIS-020_00061.jpg,0.1815,OK
RipVIS-041_01080.jpg,0.1738,OK
RipVIS-017_00135.jpg,0.1516,OK
RipVIS-005_00600.jpg,0.1777,OK
RipVIS-017_00241.jpg,0.2308,OK
RipVIS-085_00240.jpg,0.1559,OK
RipVIS-076_00870.jpg,0.2357,OK
RipVIS-076_00684.jpg,0.2601,OK
RipVIS-076_00546.jpg,0.2595,OK
RipVIS-077_01794.jpg,0.23,OK
RipVIS-077_01416.jpg,0.1785,OK
RipVIS-021_00018.jpg,0.152,OK
RipVIS-018_00023.jpg,0.1523,OK
RipVIS-076_00888.jpg,0.2557,OK
RipVIS-077_01512.jpg,0.2036,OK
RipVIS-064_00594.jpg,0.244,OK
RipVIS-076_00486.jpg,0.3234,OK
RipVIS-083_00762.jpg,0.3902,OK
RipVIS-076_01074.jpg,0.2936,OK
RipVIS-076_01272.jpg,0.2571,OK
RipVIS-020_00045.jpg,0.1821,OK
RipVIS-041_01056.jpg,0.173,OK
RipVIS-083_00324.jpg,0.4378,OK
RipVIS-041_00966.jpg,0.1726,OK
RipVIS-041_00954.jpg,0.1716,OK
RipVIS-018_00101.jpg,0.2367,OK
RipVIS-041_01530.jpg,0.1923,OK
RipVIS-077_01638.jpg,0.1812,OK
RipVIS-041_01674.jpg,0.1861,OK
RipVIS-064_00348.jpg,0.2431,OK
RipVIS-076_00480.jpg,0.3284,OK
RipVIS-083_00300.jpg,0.4308,OK
RipVIS-082_00012.jpg,0.2589,OK
RipVIS-076_00438.jpg,0.4134,OK
RipVIS-064_00306.jpg,0.2464,OK
RipVIS-005_00636.jpg,0.1767,OK
RipVIS-030_00108.jpg,0.2026,OK
RipVIS-028_00114.jpg,0.1651,OK
RipVIS-018_00349.jpg,0.1794,OK
RipVIS-064_00510.jpg,0.2423,OK
RipVIS-017_00172.jpg,0.1713,OK
RipVIS-017_00163.jpg,0.171,OK
RipVIS-020_00050.jpg,0.1815,OK
RipVIS-041_01158.jpg,0.1767,OK
RipVIS-028_00066.jpg,0.1523,OK
RipVIS-041_01212.jpg,0.174,OK
RipVIS-018_00248.jpg,0.1507,OK
RipVIS-041_01776.jpg,0.1857,OK
RipVIS-064_00642.jpg,0.2519,OK
RipVIS-082_00144.jpg,0.2396,OK
RipVIS-018_00220.jpg,0.1797,OK
RipVIS-083_00480.jpg,0.4399,OK
RipVIS-041_01488.jpg,0.1847,OK
RipVIS-017_00198.jpg,0.1663,OK
RipVIS-083_00246.jpg,0.3693,OK
RipVIS-018_00226.jpg,0.1508,OK
RipVIS-064_00132.jpg,0.168,OK
RipVIS-076_00576.jpg,0.2384,OK
RipVIS-020_00035.jpg,0.1791,OK
RipVIS-017_00256.jpg,0.2045,OK
RipVIS-083_00096.jpg,0.2914,OK
RipVIS-076_00504.jpg,0.2864,OK
RipVIS-021_00006.jpg,0.1542,OK
RipVIS-018_00067.jpg,0.1601,OK
RipVIS-021_00022.jpg,0.152,OK
RipVIS-017_00215.jpg,0.1528,OK
RipVIS-076_00498.jpg,0.2928,OK
RipVIS-041_01062.jpg,0.1728,OK
RipVIS-076_00810.jpg,0.2344,OK
RipVIS-077_01998.jpg,0.2247,OK
RipVIS-041_01284.jpg,0.1915,OK
RipVIS-021_00030.jpg,0.1662,OK
RipVIS-018_00053.jpg,0.1521,OK
RipVIS-076_01410.jpg,0.4151,OK
RipVIS-076_00450.jpg,0.3893,OK
RipVIS-041_01362.jpg,0.1854,OK
RipVIS-021_00001.jpg,0.1719,OK
RipVIS-028_00234.jpg,0.1557,OK
RipVIS-003_00037.jpg,0.1652,OK
RipVIS-017_00233.jpg,0.1633,OK
RipVIS-077_01986.jpg,0.1996,OK
RipVIS-018_00216.jpg,0.2039,OK
RipVIS-018_00250.jpg,0.1521,OK
RipVIS-077_02022.jpg,0.2389,OK
RipVIS-018_00225.jpg,0.1587,OK
RipVIS-041_00000.jpg,0.1571,OK
RipVIS-076_00126.jpg,0.3386,OK
RipVIS-041_01044.jpg,0.173,OK
RipVIS-017_00201.jpg,0.1598,OK
RipVIS-083_00684.jpg,0.4023,OK
RipVIS-020_00011.jpg,0.2321,OK
RipVIS-020_00003.jpg,0.2321,OK
RipVIS-041_01224.jpg,0.1724,OK
RipVIS-083_00468.jpg,0.4317,OK
RipVIS-064_00702.jpg,0.2544,OK
RipVIS-017_00207.jpg,0.1517,OK
RipVIS-021_00000.jpg,0.1719,OK
RipVIS-021_00007.jpg,0.1542,OK
RipVIS-041_01458.jpg,0.1845,OK
RipVIS-076_00222.jpg,0.3766,OK
RipVIS-076_00156.jpg,0.3345,OK
RipVIS-041_00906.jpg,0.1681,OK
RipVIS-076_00294.jpg,0.3366,OK
RipVIS-017_00244.jpg,0.2263,OK
RipVIS-070_00036.jpg,0.3221,OK
RipVIS-085_00252.jpg,0.1504,OK
RipVIS-030_00210.jpg,0.1605,OK
RipVIS-083_00012.jpg,0.3128,OK
RipVIS-077_01908.jpg,0.2149,OK
RipVIS-082_00132.jpg,0.2406,OK
RipVIS-041_00894.jpg,0.1685,OK
RipVIS-041_01368.jpg,0.1838,OK
RipVIS-076_00324.jpg,0.3577,OK
RipVIS-041_00996.jpg,0.1785,OK
RipVIS-076_00108.jpg,0.3912,OK
RipVIS-077_01476.jpg,0.1982,OK
RipVIS-076_00300.jpg,0.2095,OK
RipVIS-041_00870.jpg,0.1578,OK
RipVIS-017_00159.jpg,0.1947,OK
RipVIS-030_00066.jpg,0.1832,OK
RipVIS-021_00005.jpg,0.1604,OK
RipVIS-076_00060.jpg,0.357,OK
RipVIS-020_00099.jpg,0.1742,OK
RipVIS-041_01002.jpg,0.18,OK
RipVIS-041_00828.jpg,0.154,OK
RipVIS-017_00242.jpg,0.2297,OK
RipVIS-041_01176.jpg,0.1755,OK
RipVIS-070_00060.jpg,0.3121,OK
RipVIS-064_00948.jpg,0.2708,OK
RipVIS-021_00035.jpg,0.174,OK
RipVIS-020_00070.jpg,0.1815,OK
RipVIS-041_00936.jpg,0.1692,OK
RipVIS-076_01296.jpg,0.2539,OK
RipVIS-077_01770.jpg,0.2061,OK
RipVIS-021_00021.jpg,0.152,OK
RipVIS-041_01014.jpg,0.1798,OK
RipVIS-035_0001.jpg,0.2027,OK
RipVIS-035_0005.jpg,0.1643,OK
RipVIS-076_00012.jpg,0.3778,OK
RipVIS-018_00345.jpg,0.1774,OK
RipVIS-030_00204.jpg,0.1698,OK
RipVIS-041_00972.jpg,0.1756,OK
RipVIS-077_01452.jpg,0.1804,OK
RipVIS-064_00210.jpg,0.266,OK
RipVIS-045_06174.jpg,0.1612,OK
RipVIS-041_01800.jpg,0.1804,OK
RipVIS-020_00032.jpg,0.2217,OK
RipVIS-041_01560.jpg,0.1926,OK
RipVIS-017_00196.jpg,0.164,OK
RipVIS-017_00264.jpg,0.2047,OK
RipVIS-018_00221.jpg,0.1786,OK
RipVIS-083_00624.jpg,0.4326,OK
RipVIS-077_01482.jpg,0.1982,OK
RipVIS-018_00228.jpg,0.1508,OK
RipVIS-028_00072.jpg,0.1533,OK
RipVIS-028_00108.jpg,0.1663,OK
RipVIS-064_00240.jpg,0.2384,OK
RipVIS-022_00005.jpg,0.1938,OK
RipVIS-064_00816.jpg,0.2809,OK
RipVIS-018_00094.jpg,0.2289,OK
RipVIS-017_00142.jpg,0.1638,OK
RipVIS-077_01446.jpg,0.1755,OK
RipVIS-083_00048.jpg,0.3094,OK
RipVIS-064_00486.jpg,0.2468,OK
RipVIS-041_01110.jpg,0.1711,OK
RipVIS-083_00108.jpg,0.3,OK
RipVIS-064_00624.jpg,0.2361,OK
RipVIS-077_01644.jpg,0.1651,OK
RipVIS-064_00636.jpg,0.2662,OK
RipVIS-064_00294.jpg,0.25,OK
RipVIS-018_00224.jpg,0.1547,OK
RipVIS-018_00219.jpg,0.1849,OK
RipVIS-045_06660.jpg,0.1563,OK
RipVIS-083_00288.jpg,0.4209,OK
RipVIS-036_00009.jpg,0.1516,OK
RipVIS-064_00408.jpg,0.2435,OK
RipVIS-018_00124.jpg,0.154,OK
RipVIS-020_00007.jpg,0.2321,OK
RipVIS-020_00028.jpg,0.2289,OK
RipVIS-076_00900.jpg,0.2692,OK
RipVIS-010_00080.jpg,0.1894,OK
RipVIS-020_00085.jpg,0.1737,OK
RipVIS-041_01326.jpg,0.1897,OK
RipVIS-083_00252.jpg,0.3785,OK
RipVIS-041_01296.jpg,0.1917,OK
RipVIS-082_00042.jpg,0.2536,OK
RipVIS-028_00090.jpg,0.1571,OK
RipVIS-077_01764.jpg,0.1875,OK
RipVIS-076_00132.jpg,0.3397,OK
RipVIS-041_00738.jpg,0.1502,OK
RipVIS-083_00792.jpg,0.3932,OK
RipVIS-076_00066.jpg,0.3628,OK
RipVIS-075_00012.jpg,0.2256,OK
RipVIS-020_00013.jpg,0.2321,OK
RipVIS-021_00016.jpg,0.152,OK
RipVIS-041_01626.jpg,0.1784,OK
RipVIS-076_00822.jpg,0.2291,OK
RipVIS-077_01968.jpg,0.1916,OK
RipVIS-041_01434.jpg,0.1855,OK
RipVIS-064_00960.jpg,0.2812,OK
RipVIS-076_00768.jpg,0.2213,OK
RipVIS-085_00282.jpg,0.153,OK
RipVIS-083_00840.jpg,0.363,OK
RipVIS-045_06444.jpg,0.1739,OK
RipVIS-083_00138.jpg,0.3074,OK
RipVIS-064_00138.jpg,0.1886,OK
RipVIS-020_00078.jpg,0.1772,OK
RipVIS-022_00001.jpg,0.1889,OK
RipVIS-076_00984.jpg,0.293,OK
RipVIS-041_01008.jpg,0.1811,OK
RipVIS-020_00008.jpg,0.2321,OK
RipVIS-018_00355.jpg,0.1663,OK
RipVIS-077_02070.jpg,0.2774,OK
RipVIS-070_00090.jpg,0.3017,OK
RipVIS-003_00040.jpg,0.1941,OK
RipVIS-017_00257.jpg,0.2045,OK
RipVIS-018_00118.jpg,0.1552,OK
RipVIS-076_01374.jpg,0.3617,OK
RipVIS-064_00180.jpg,0.2367,OK
RipVIS-045_06054.jpg,0.1701,OK
RipVIS-017_00213.jpg,0.1533,OK
RipVIS-041_01794.jpg,0.182,OK
RipVIS-050_00240.jpg,0.1539,OK
RipVIS-041_01740.jpg,0.1958,OK
RipVIS-017_00214.jpg,0.1519,OK
RipVIS-077_01890.jpg,0.2236,OK
RipVIS-018_00082.jpg,0.1621,OK
RipVIS-082_00006.jpg,0.2589,OK
RipVIS-020_00098.jpg,0.1799,OK
RipVIS-020_00005.jpg,0.2321,OK
RipVIS-018_00251.jpg,0.1521,OK
RipVIS-064_00312.jpg,0.2377,OK
RipVIS-041_01536.jpg,0.1883,OK
RipVIS-076_00120.jpg,0.3341,OK
RipVIS-083_00126.jpg,0.2957,OK
RipVIS-064_00654.jpg,0.2503,OK
RipVIS-064_00246.jpg,0.2722,OK
RipVIS-030_00048.jpg,0.1805,OK
RipVIS-050_00204.jpg,0.1542,OK
RipVIS-003_00027.jpg,0.2196,OK
RipVIS-085_00222.jpg,0.1665,OK
RipVIS-022_00010.jpg,0.2017,OK
RipVIS-020_00001.jpg,0.2321,OK
RipVIS-003_00030.jpg,0.1654,OK
RipVIS-082_00072.jpg,0.2523,OK
RipVIS-075_00054.jpg,0.234,OK
RipVIS-076_01404.jpg,0.4008,OK
RipVIS-004_00003.jpg,0.1604,OK
RipVIS-035_0009.jpg,0.1569,OK
RipVIS-018_00100.jpg,0.2367,OK
RipVIS-017_00211.jpg,0.1536,OK
RipVIS-064_00330.jpg,0.2517,OK
RipVIS-077_01980.jpg,0.1932,OK
RipVIS-041_01194.jpg,0.1752,OK
RipVIS-076_00420.jpg,0.3858,OK
RipVIS-082_00126.jpg,0.2416,OK
RipVIS-076_00048.jpg,0.3717,OK
RipVIS-076_00444.jpg,0.4019,OK
RipVIS-083_00114.jpg,0.2994,OK
RipVIS-020_00056.jpg,0.1815,OK
RipVIS-018_00351.jpg,0.1745,OK
RipVIS-021_00025.jpg,0.1628,OK
RipVIS-018_00356.jpg,0.173,OK
RipVIS-076_01380.jpg,0.3586,OK
RipVIS-045_06024.jpg,0.1513,OK
RipVIS-021_00002.jpg,0.1582,OK
RipVIS-041_00762.jpg,0.1578,OK
RipVIS-064_00360.jpg,0.241,OK
RipVIS-041_01704.jpg,0.1889,OK
RipVIS-076_01386.jpg,0.373,OK
RipVIS-076_00876.jpg,0.2523,OK
RipVIS-018_00085.jpg,0.2445,OK
RipVIS-041_01392.jpg,0.1831,OK
RipVIS-082_00060.jpg,0.2533,OK
RipVIS-076_00588.jpg,0.2314,OK
RipVIS-041_01272.jpg,0.1943,OK
RipVIS-017_00014.jpg,0.1556,OK
RipVIS-076_01032.jpg,0.297,OK
RipVIS-041_00942.jpg,0.1703,OK
RipVIS-064_00882.jpg,0.2635,OK
RipVIS-018_00069.jpg,0.1601,OK
RipVIS-070_00114.jpg,0.2337,OK
RipVIS-041_01764.jpg,0.186,OK
RipVIS-035_0003.jpg,0.1714,OK
RipVIS-064_00582.jpg,0.263,OK
RipVIS-045_06090.jpg,0.1553,OK
RipVIS-017_00138.jpg,0.1636,OK
RipVIS-082_00024.jpg,0.2549,OK
RipVIS-070_00078.jpg,0.3024,OK
RipVIS-064_00480.jpg,0.2404,OK
RipVIS-077_01746.jpg,0.1803,OK
RipVIS-082_00030.jpg,0.2535,OK
RipVIS-076_00522.jpg,0.2795,OK
RipVIS-083_00174.jpg,0.3563,OK
RipVIS-064_00924.jpg,0.2679,OK
RipVIS-018_00139.jpg,0.1509,OK
RipVIS-075_00036.jpg,0.2205,OK
RipVIS-020_00042.jpg,0.1821,OK
RipVIS-003_00025.jpg,0.1621,OK
RipVIS-003_00032.jpg,0.1762,OK
RipVIS-018_00348.jpg,0.1794,OK
RipVIS-041_01128.jpg,0.1786,OK
RipVIS-064_00606.jpg,0.2648,OK
RipVIS-083_00816.jpg,0.3783,OK
RipVIS-018_00073.jpg,0.1601,OK
RipVIS-041_01242.jpg,0.2002,OK
RipVIS-003_00061.jpg,0.1682,OK
RipVIS-082_00084.jpg,0.2408,OK
RipVIS-064_00666.jpg,0.2613,OK
RipVIS-041_01200.jpg,0.1751,OK
RipVIS-076_00342.jpg,0.3944,OK
RipVIS-045_06414.jpg,0.1761,OK
RipVIS-057_00042.jpg,0.16,OK
RipVIS-018_00114.jpg,0.1508,OK
RipVIS-003_00056.jpg,0.1774,OK
RipVIS-020_00016.jpg,0.2291,OK
RipVIS-041_00900.jpg,0.1581,OK
RipVIS-005_00588.jpg,0.1716,OK
RipVIS-017_00169.jpg,0.1775,OK
RipVIS-020_00029.jpg,0.2217,OK
RipVIS-005_00648.jpg,0.1518,OK
RipVIS-076_00660.jpg,0.2454,OK
RipVIS-018_00071.jpg,0.1601,OK
RipVIS-017_00183.jpg,0.162,OK
RipVIS-070_00084.jpg,0.3024,OK
RipVIS-076_00162.jpg,0.3909,OK
RipVIS-017_00121.jpg,0.1536,OK
RipVIS-041_01752.jpg,0.1854,OK
RipVIS-041_01428.jpg,0.185,OK
RipVIS-005_00576.jpg,0.1522,OK
RipVIS-077_01614.jpg,0.178,OK
RipVIS-030_00168.jpg,0.1795,OK
RipVIS-064_00228.jpg,0.2437,OK
RipVIS-083_00402.jpg,0.4442,OK
RipVIS-070_00048.jpg,0.3131,OK
RipVIS-035_0000.jpg,0.2095,OK
RipVIS-041_01086.jpg,0.1738,OK
RipVIS-022_00008.jpg,0.2041,OK
RipVIS-045_06240.jpg,0.1717,OK
RipVIS-077_01698.jpg,0.2004,OK
RipVIS-041_01734.jpg,0.186,OK
RipVIS-083_00006.jpg,0.304,OK
RipVIS-010_00085.jpg,0.1878,OK
RipVIS-017_00146.jpg,0.1594,OK
RipVIS-076_00756.jpg,0.2299,OK
RipVIS-018_00048.jpg,0.1521,OK
RipVIS-018_00214.jpg,0.2039,OK
RipVIS-020_00039.jpg,0.1793,OK
RipVIS-030_00144.jpg,0.1866,OK
RipVIS-045_06228.jpg,0.1742,OK
RipVIS-041_01692.jpg,0.1884,OK
RipVIS-018_00026.jpg,0.1523,OK
RipVIS-017_00173.jpg,0.1685,OK
RipVIS-076_00252.jpg,0.3195,OK
RipVIS-076_00840.jpg,0.2503,OK
RipVIS-018_00062.jpg,0.1544,OK
RipVIS-064_00744.jpg,0.2572,OK
RipVIS-005_00624.jpg,0.1995,OK
RipVIS-035_0015.jpg,0.1606,OK
RipVIS-064_00900.jpg,0.2663,OK
RipVIS-064_00366.jpg,0.2431,OK
RipVIS-076_01014.jpg,0.304,OK
RipVIS-041_01614.jpg,0.1785,OK
RipVIS-018_00027.jpg,0.1551,OK
RipVIS-017_00212.jpg,0.1522,OK
RipVIS-064_00786.jpg,0.2654,OK
RipVIS-017_00132.jpg,0.1578,OK
RipVIS-076_01356.jpg,0.3535,OK
RipVIS-017_00168.jpg,0.1775,OK
RipVIS-035_0008.jpg,0.1541,OK
RipVIS-041_01542.jpg,0.1882,OK
RipVIS-028_00078.jpg,0.1556,OK
RipVIS-017_00251.jpg,0.2224,OK
RipVIS-018_00106.jpg,0.2083,OK
RipVIS-018_00344.jpg,0.1774,OK
RipVIS-021_00029.jpg,0.1638,OK
RipVIS-041_01728.jpg,0.1854,OK
RipVIS-020_00014.jpg,0.2291,OK
RipVIS-017_00160.jpg,0.1892,OK
RipVIS-076_00540.jpg,0.26,OK
RipVIS-077_01680.jpg,0.1721,OK
RipVIS-017_00165.jpg,0.1762,OK
RipVIS-021_00017.jpg,0.152,OK
RipVIS-083_00330.jpg,0.4485,OK
RipVIS-077_02058.jpg,0.2761,OK
RipVIS-083_00030.jpg,0.2861,OK
RipVIS-082_00090.jpg,0.2415,OK
RipVIS-018_00254.jpg,0.1521,OK
RipVIS-077_01608.jpg,0.1698,OK
RipVIS-077_01686.jpg,0.1837,OK
RipVIS-020_00068.jpg,0.1815,OK
RipVIS-018_00093.jpg,0.2289,OK
RipVIS-077_01506.jpg,0.1992,OK
RipVIS-076_00288.jpg,0.3806,OK
RipVIS-018_00342.jpg,0.1746,OK
RipVIS-017_00180.jpg,0.1646,OK
RipVIS-076_01350.jpg,0.3548,OK
RipVIS-041_01506.jpg,0.1856,OK
RipVIS-018_00107.jpg,0.2071,OK
RipVIS-076_00552.jpg,0.251,OK
RipVIS-076_00474.jpg,0.3354,OK
RipVIS-017_00120.jpg,0.1541,OK
RipVIS-017_00157.jpg,0.2073,OK
RipVIS-083_00612.jpg,0.4236,OK
RipVIS-003_00069.jpg,0.1645,OK
RipVIS-076_00594.jpg,0.2326,OK
RipVIS-021_00031.jpg,0.1639,OK
RipVIS-021_00028.jpg,0.1638,OK
RipVIS-064_00324.jpg,0.2531,OK
RipVIS-085_00294.jpg,0.1632,OK
RipVIS-076_00102.jpg,0.3863,OK
RipVIS-077_01860.jpg,0.2346,OK
RipVIS-017_00129.jpg,0.1598,OK
RipVIS-017_00137.jpg,0.1686,OK
RipVIS-083_00822.jpg,0.3753,OK
RipVIS-017_00134.jpg,0.157,OK
RipVIS-022_00000.jpg,0.1897,OK
RipVIS-083_00660.jpg,0.4068,OK
RipVIS-041_01524.jpg,0.1889,OK
RipVIS-064_00858.jpg,0.267,OK
RipVIS-076_00462.jpg,0.3559,OK
RipVIS-021_00019.jpg,0.152,OK
RipVIS-041_01332.jpg,0.1866,OK
RipVIS-076_00402.jpg,0.3846,OK
RipVIS-064_00420.jpg,0.2476,OK
RipVIS-076_01248.jpg,0.2641,OK
RipVIS-020_00084.jpg,0.1737,OK
RipVIS-077_01854.jpg,0.2516,OK
RipVIS-077_01866.jpg,0.2499,OK
RipVIS-077_01554.jpg,0.1951,OK
RipVIS-017_00167.jpg,0.1775,OK
RipVIS-041_01122.jpg,0.1777,OK
RipVIS-076_00042.jpg,0.3786,OK
RipVIS-083_00474.jpg,0.4247,OK
RipVIS-064_00564.jpg,0.2577,OK
RipVIS-010_00095.jpg,0.1533,OK
RipVIS-018_00215.jpg,0.2039,OK
RipVIS-076_01086.jpg,0.2972,OK
RipVIS-018_00096.jpg,0.2314,OK
RipVIS-018_00081.jpg,0.1621,OK
RipVIS-017_00231.jpg,0.1512,OK
RipVIS-083_00168.jpg,0.3549,OK
RipVIS-020_00053.jpg,0.1815,OK
RipVIS-017_00181.jpg,0.1599,OK
RipVIS-076_00762.jpg,0.2226,OK
RipVIS-018_00108.jpg,0.2042,OK
RipVIS-083_00618.jpg,0.4364,OK
RipVIS-003_00036.jpg,0.1622,OK
RipVIS-NR-031_00774.jpg,0.0,EMPTY_MASK
RipVIS-NR-031_00360.jpg,0.0,EMPTY_MASK
RipVIS-NR-007_00312.jpg,0.0,EMPTY_MASK
RipVIS-NR-032_02802.jpg,0.0,EMPTY_MASK
RipVIS-NR-009_00210.jpg,0.0,EMPTY_MASK
RipVIS-NR-008_00894.jpg,0.0,EMPTY_MASK
RipVIS-NR-032_02028.jpg,0.0,EMPTY_MASK
RipVIS-NR-032_00366.jpg,0.0,EMPTY_MASK
RipVIS-NR-011_01254.jpg,0.0,EMPTY_MASK
RipVIS-NR-032_00654.jpg,0.0,EMPTY_MASK
RipVIS-NR-027_00024.jpg,0.0,EMPTY_MASK
RipVIS-NR-034_00486.jpg,0.0,EMPTY_MASK
RipVIS-NR-011_00906.jpg,0.0,EMPTY_MASK
RipVIS-NR-002_01362.jpg,0.0,EMPTY_MASK
RipVIS-NR-002_01368.jpg,0.0,EMPTY_MASK
RipVIS-NR-032_00516.jpg,0.0,EMPTY_MASK
RipVIS-NR-033_00012.jpg,0.0,EMPTY_MASK
RipVIS-NR-003_00768.jpg,0.0,EMPTY_MASK
RipVIS-NR-030_00042.jpg,0.0,EMPTY_MASK
RipVIS-NR-002_01674.jpg,0.0,EMPTY_MASK
RipVIS-NR-008_00474.jpg,0.0,EMPTY_MASK
RipVIS-NR-016_00894.jpg,0.0,EMPTY_MASK
RipVIS-NR-015_00348.jpg,0.0,EMPTY_MASK
RipVIS-NR-011_01140.jpg,0.0,EMPTY_MASK
RipVIS-NR-006_00018.jpg,0.0,EMPTY_MASK
RipVIS-NR-008_00666.jpg,0.0,EMPTY_MASK
RipVIS-NR-033_01002.jpg,0.0,EMPTY_MASK
RipVIS-NR-002_01782.jpg,0.0,EMPTY_MASK
RipVIS-NR-015_00546.jpg,0.0,EMPTY_MASK
RipVIS-NR-029_00018.jpg,0.0,EMPTY_MASK
RipVIS-NR-032_04506.jpg,0.0,EMPTY_MASK
RipVIS-NR-002_00174.jpg,0.0,EMPTY_MASK
RipVIS-NR-032_01770.jpg,0.0,EMPTY_MASK
RipVIS-NR-032_03678.jpg,0.0,EMPTY_MASK
RipVIS-NR-028_00498.jpg,0.0,EMPTY_MASK
RipVIS-NR-011_01818.jpg,0.0,EMPTY_MASK
RipVIS-NR-034_00396.jpg,0.0,EMPTY_MASK
RipVIS-NR-025_00060.jpg,0.0,EMPTY_MASK
RipVIS-NR-015_00504.jpg,0.0,EMPTY_MASK
RipVIS-NR-009_00678.jpg,0.0,EMPTY_MASK
RipVIS-NR-032_02796.jpg,0.0,EMPTY_MASK
RipVIS-NR-032_01110.jpg,0.0,EMPTY_MASK
RipVIS-NR-034_00438.jpg,0.0,EMPTY_MASK
RipVIS-NR-032_04800.jpg,0.0,EMPTY_MASK
RipVIS-NR-011_01008.jpg,0.0,EMPTY_MASK
RipVIS-NR-003_00180.jpg,0.0,EMPTY_MASK
RipVIS-NR-029_00084.jpg,0.0,EMPTY_MASK
RipVIS-NR-034_00522.jpg,0.0,EMPTY_MASK
RipVIS-NR-002_00138.jpg,0.0,EMPTY_MASK
RipVIS-NR-002_01194.jpg,0.0,EMPTY_MASK
RipVIS-NR-032_03798.jpg,0.0,EMPTY_MASK
RipVIS-NR-011_01608.jpg,0.0,EMPTY_MASK
RipVIS-NR-011_01776.jpg,0.0,EMPTY_MASK
RipVIS-NR-033_01020.jpg,0.0,EMPTY_MASK
RipVIS-NR-010_00792.jpg,0.0,EMPTY_MASK
RipVIS-NR-011_01212.jpg,0.0,EMPTY_MASK
RipVIS-NR-032_04548.jpg,0.0,EMPTY_MASK
RipVIS-NR-002_00390.jpg,0.0,EMPTY_MASK
RipVIS-NR-034_00804.jpg,0.0,EMPTY_MASK
RipVIS-NR-002_01380.jpg,0.0,EMPTY_MASK
RipVIS-NR-025_00246.jpg,0.0,EMPTY_MASK
RipVIS-NR-008_01566.jpg,0.0,EMPTY_MASK
RipVIS-NR-017_00792.jpg,0.0,EMPTY_MASK
RipVIS-NR-017_00294.jpg,0.0,EMPTY_MASK
RipVIS-NR-006_00330.jpg,0.0,EMPTY_MASK
RipVIS-NR-027_02112.jpg,0.0,EMPTY_MASK
RipVIS-NR-011_01224.jpg,0.0,EMPTY_MASK
RipVIS-NR-033_01164.jpg,0.0,EMPTY_MASK
RipVIS-NR-034_00444.jpg,0.0,EMPTY_MASK
RipVIS-NR-008_00612.jpg,0.0,EMPTY_MASK
RipVIS-NR-031_02562.jpg,0.0,EMPTY_MASK
RipVIS-NR-002_00504.jpg,0.0,EMPTY_MASK
RipVIS-NR-033_01596.jpg,0.0,EMPTY_MASK
RipVIS-NR-002_01440.jpg,0.0,EMPTY_MASK
RipVIS-NR-032_02166.jpg,0.0,EMPTY_MASK
RipVIS-NR-002_01074.jpg,0.0,EMPTY_MASK
RipVIS-NR-016_00450.jpg,0.0,EMPTY_MASK
RipVIS-NR-009_00846.jpg,0.0,EMPTY_MASK
RipVIS-NR-033_01422.jpg,0.0,EMPTY_MASK
RipVIS-NR-002_00942.jpg,0.0,EMPTY_MASK
RipVIS-NR-008_00942.jpg,0.0,EMPTY_MASK
RipVIS-NR-025_01074.jpg,0.0,EMPTY_MASK
RipVIS-NR-008_00006.jpg,0.0,EMPTY_MASK
RipVIS-NR-016_00552.jpg,0.0,EMPTY_MASK
RipVIS-NR-016_00510.jpg,0.0,EMPTY_MASK
RipVIS-NR-032_03354.jpg,0.0,EMPTY_MASK
RipVIS-NR-025_00528.jpg,0.0,EMPTY_MASK
RipVIS-NR-012_00240.jpg,0.0,EMPTY_MASK
RipVIS-NR-031_00414.jpg,0.0,EMPTY_MASK
RipVIS-NR-002_00474.jpg,0.0,EMPTY_MASK
RipVIS-NR-011_00888.jpg,0.0,EMPTY_MASK
RipVIS-NR-009_00108.jpg,0.0,EMPTY_MASK
RipVIS-NR-033_00798.jpg,0.0,EMPTY_MASK
RipVIS-NR-031_00552.jpg,0.0,EMPTY_MASK
RipVIS-NR-003_00474.jpg,0.0,EMPTY_MASK
RipVIS-NR-003_00774.jpg,0.0,EMPTY_MASK
RipVIS-NR-006_00240.jpg,0.0,EMPTY_MASK
RipVIS-NR-025_01302.jpg,0.0,EMPTY_MASK
RipVIS-NR-033_00564.jpg,0.0,EMPTY_MASK
RipVIS-NR-034_00534.jpg,0.0,EMPTY_MASK
RipVIS-NR-017_00210.jpg,0.0,EMPTY_MASK
RipVIS-NR-033_00882.jpg,0.0,EMPTY_MASK
RipVIS-NR-003_00438.jpg,0.0,EMPTY_MASK
RipVIS-NR-002_01488.jpg,0.0,EMPTY_MASK
RipVIS-NR-032_01092.jpg,0.0,EMPTY_MASK
RipVIS-NR-032_03744.jpg,0.0,EMPTY_MASK
RipVIS-NR-006_00378.jpg,0.0,EMPTY_MASK
RipVIS-NR-011_01368.jpg,0.0,EMPTY_MASK
RipVIS-NR-031_01344.jpg,0.0,EMPTY_MASK
RipVIS-NR-016_00654.jpg,0.0,EMPTY_MASK
RipVIS-NR-011_00420.jpg,0.0,EMPTY_MASK
RipVIS-NR-031_00108.jpg,0.0,EMPTY_MASK
RipVIS-NR-032_00912.jpg,0.0,EMPTY_MASK
RipVIS-NR-025_00660.jpg,0.0,EMPTY_MASK
RipVIS-NR-031_01218.jpg,0.0,EMPTY_MASK
RipVIS-NR-010_00168.jpg,0.0,EMPTY_MASK
RipVIS-NR-031_01116.jpg,0.0,EMPTY_MASK
RipVIS-NR-031_02496.jpg,0.0,EMPTY_MASK
RipVIS-NR-003_00924.jpg,0.0,EMPTY_MASK
RipVIS-NR-034_00588.jpg,0.0,EMPTY_MASK
RipVIS-NR-027_00264.jpg,0.0,EMPTY_MASK
RipVIS-NR-031_00978.jpg,0.0,EMPTY_MASK
RipVIS-NR-033_00996.jpg,0.0,EMPTY_MASK
RipVIS-NR-031_02814.jpg,0.0,EMPTY_MASK
RipVIS-NR-032_00240.jpg,0.0,EMPTY_MASK
RipVIS-NR-025_00930.jpg,0.0,EMPTY_MASK
RipVIS-NR-010_00690.jpg,0.0,EMPTY_MASK
RipVIS-NR-010_00474.jpg,0.0,EMPTY_MASK
RipVIS-NR-016_00024.jpg,0.0,EMPTY_MASK
RipVIS-NR-033_00396.jpg,0.0,EMPTY_MASK
RipVIS-NR-032_01494.jpg,0.0,EMPTY_MASK
RipVIS-NR-031_00372.jpg,0.0,EMPTY_MASK
RipVIS-NR-012_00060.jpg,0.0,EMPTY_MASK
RipVIS-NR-031_01662.jpg,0.0,EMPTY_MASK
RipVIS-NR-025_01218.jpg,0.0,EMPTY_MASK
RipVIS-NR-009_00690.jpg,0.0,EMPTY_MASK
RipVIS-NR-027_00822.jpg,0.0,EMPTY_MASK
RipVIS-NR-010_00552.jpg,0.0,EMPTY_MASK
RipVIS-NR-012_00150.jpg,0.0,EMPTY_MASK
RipVIS-NR-011_00114.jpg,0.0,EMPTY_MASK
RipVIS-NR-028_00198.jpg,0.0,EMPTY_MASK
RipVIS-NR-032_04896.jpg,0.0,EMPTY_MASK
RipVIS-NR-031_02766.jpg,0.0,EMPTY_MASK
RipVIS-NR-032_04710.jpg,0.0,EMPTY_MASK
RipVIS-NR-016_00672.jpg,0.0,EMPTY_MASK
RipVIS-NR-003_00750.jpg,0.0,EMPTY_MASK
RipVIS-NR-002_00048.jpg,0.0,EMPTY_MASK
RipVIS-NR-033_01320.jpg,0.0,EMPTY_MASK
RipVIS-NR-011_00192.jpg,0.0,EMPTY_MASK
RipVIS-NR-008_00906.jpg,0.0,EMPTY_MASK
RipVIS-NR-002_00864.jpg,0.0,EMPTY_MASK
RipVIS-NR-027_01398.jpg,0.0,EMPTY_MASK
RipVIS-NR-015_00126.jpg,0.0,EMPTY_MASK
RipVIS-NR-015_00480.jpg,0.0,EMPTY_MASK
RipVIS-NR-032_04242.jpg,0.0,EMPTY_MASK
RipVIS-NR-002_00906.jpg,0.0,EMPTY_MASK
RipVIS-NR-025_00354.jpg,0.0,EMPTY_MASK
RipVIS-NR-033_01446.jpg,0.0,EMPTY_MASK
RipVIS-NR-032_01602.jpg,0.0,EMPTY_MASK
RipVIS-NR-025_00048.jpg,0.0,EMPTY_MASK
RipVIS-NR-032_04656.jpg,0.0,EMPTY_MASK
RipVIS-NR-009_00732.jpg,0.0,EMPTY_MASK
RipVIS-NR-034_00576.jpg,0.0,EMPTY_MASK
RipVIS-NR-027_01620.jpg,0.0,EMPTY_MASK
RipVIS-NR-003_00732.jpg,0.0,EMPTY_MASK
RipVIS-NR-008_00222.jpg,0.0,EMPTY_MASK
RipVIS-NR-002_01008.jpg,0.0,EMPTY_MASK
RipVIS-NR-032_04086.jpg,0.0,EMPTY_MASK
RipVIS-NR-027_00234.jpg,0.0,EMPTY_MASK
RipVIS-NR-025_01464.jpg,0.0,EMPTY_MASK
RipVIS-NR-031_01140.jpg,0.0,EMPTY_MASK
RipVIS-NR-032_04038.jpg,0.0,EMPTY_MASK
RipVIS-NR-032_03264.jpg,0.0,EMPTY_MASK
RipVIS-NR-032_03834.jpg,0.0,EMPTY_MASK
RipVIS-NR-002_00600.jpg,0.0,EMPTY_MASK
RipVIS-NR-031_01872.jpg,0.0,EMPTY_MASK
RipVIS-NR-008_01362.jpg,0.0,EMPTY_MASK
RipVIS-NR-027_00390.jpg,0.0,EMPTY_MASK
RipVIS-NR-018_00444.jpg,0.0,EMPTY_MASK
RipVIS-NR-032_03102.jpg,0.0,EMPTY_MASK
RipVIS-NR-034_01344.jpg,0.0,EMPTY_MASK
RipVIS-NR-011_01134.jpg,0.0,EMPTY_MASK
RipVIS-NR-003_00300.jpg,0.0,EMPTY_MASK
RipVIS-NR-025_01536.jpg,0.0,EMPTY_MASK
RipVIS-NR-016_00168.jpg,0.0,EMPTY_MASK
RipVIS-NR-025_01386.jpg,0.0,EMPTY_MASK
RipVIS-NR-017_00378.jpg,0.0,EMPTY_MASK
RipVIS-NR-003_00888.jpg,0.0,EMPTY_MASK
RipVIS-NR-011_00690.jpg,0.0,EMPTY_MASK
RipVIS-NR-025_01140.jpg,0.0,EMPTY_MASK
RipVIS-NR-032_01014.jpg,0.0,EMPTY_MASK
RipVIS-NR-032_03246.jpg,0.0,EMPTY_MASK
RipVIS-NR-025_00972.jpg,0.0,EMPTY_MASK
RipVIS-NR-025_00582.jpg,0.0,EMPTY_MASK
RipVIS-NR-031_01476.jpg,0.0,EMPTY_MASK
RipVIS-NR-017_00354.jpg,0.0,EMPTY_MASK
RipVIS-NR-031_02838.jpg,0.0,EMPTY_MASK
RipVIS-NR-027_01530.jpg,0.0,EMPTY_MASK
RipVIS-NR-015_00312.jpg,0.0,EMPTY_MASK
RipVIS-NR-008_01434.jpg,0.0,EMPTY_MASK
RipVIS-NR-032_00588.jpg,0.0,EMPTY_MASK
RipVIS-NR-034_00516.jpg,0.0,EMPTY_MASK
RipVIS-NR-032_01698.jpg,0.0,EMPTY_MASK
RipVIS-NR-015_00108.jpg,0.0,EMPTY_MASK
RipVIS-NR-032_01788.jpg,0.0,EMPTY_MASK
RipVIS-NR-015_00858.jpg,0.0,EMPTY_MASK
RipVIS-NR-032_00006.jpg,0.0,EMPTY_MASK
RipVIS-NR-002_00198.jpg,0.0,EMPTY_MASK
RipVIS-NR-029_00306.jpg,0.0,EMPTY_MASK
RipVIS-NR-008_01338.jpg,0.0,EMPTY_MASK
RipVIS-NR-008_01230.jpg,0.0,EMPTY_MASK
RipVIS-NR-015_00024.jpg,0.0,EMPTY_MASK
RipVIS-NR-032_01878.jpg,0.0,EMPTY_MASK
RipVIS-NR-007_00162.jpg,0.0,EMPTY_MASK
RipVIS-NR-031_02112.jpg,0.0,EMPTY_MASK
RipVIS-NR-030_00360.jpg,0.0,EMPTY_MASK
RipVIS-NR-018_00246.jpg,0.0,EMPTY_MASK
RipVIS-NR-027_01686.jpg,0.0,EMPTY_MASK
RipVIS-NR-031_00750.jpg,0.0,EMPTY_MASK
RipVIS-NR-031_02706.jpg,0.0,EMPTY_MASK
RipVIS-NR-032_03468.jpg,0.0,EMPTY_MASK
RipVIS-NR-031_00204.jpg,0.0,EMPTY_MASK
RipVIS-NR-033_01530.jpg,0.0,EMPTY_MASK
RipVIS-NR-032_04728.jpg,0.0,EMPTY_MASK
RipVIS-NR-033_00042.jpg,0.0,EMPTY_MASK
RipVIS-NR-031_01146.jpg,0.0,EMPTY_MASK
RipVIS-NR-032_02856.jpg,0.0,EMPTY_MASK
RipVIS-NR-008_00420.jpg,0.0,EMPTY_MASK
RipVIS-NR-034_00006.jpg,0.0,EMPTY_MASK
RipVIS-NR-009_00090.jpg,0.0,EMPTY_MASK
RipVIS-NR-007_00324.jpg,0.0,EMPTY_MASK
RipVIS-NR-016_00888.jpg,0.0,EMPTY_MASK
RipVIS-NR-006_00210.jpg,0.0,EMPTY_MASK
RipVIS-NR-027_00408.jpg,0.0,EMPTY_MASK
RipVIS-NR-031_02712.jpg,0.0,EMPTY_MASK
RipVIS-NR-025_00624.jpg,0.0,EMPTY_MASK
RipVIS-NR-025_01818.jpg,0.0,EMPTY_MASK
RipVIS-NR-031_02790.jpg,0.0,EMPTY_MASK
RipVIS-NR-031_00564.jpg,0.0,EMPTY_MASK
RipVIS-NR-016_00090.jpg,0.0,EMPTY_MASK
RipVIS-NR-015_00894.jpg,0.0,EMPTY_MASK
RipVIS-NR-011_01746.jpg,0.0,EMPTY_MASK
RipVIS-NR-008_00138.jpg,0.0,EMPTY_MASK
RipVIS-NR-032_00678.jpg,0.0,EMPTY_MASK
RipVIS-NR-032_04824.jpg,0.0,EMPTY_MASK
RipVIS-NR-032_02958.jpg,0.0,EMPTY_MASK
RipVIS-NR-028_00336.jpg,0.0,EMPTY_MASK
RipVIS-NR-008_00660.jpg,0.0,EMPTY_MASK
RipVIS-NR-015_00456.jpg,0.0,EMPTY_MASK
RipVIS-NR-003_00498.jpg,0.0,EMPTY_MASK
RipVIS-NR-025_00486.jpg,0.0,EMPTY_MASK
RipVIS-NR-009_00660.jpg,0.0,EMPTY_MASK
RipVIS-NR-030_00414.jpg,0.0,EMPTY_MASK
RipVIS-NR-009_00456.jpg,0.0,EMPTY_MASK
RipVIS-NR-010_00084.jpg,0.0,EMPTY_MASK
RipVIS-NR-028_00702.jpg,0.0,EMPTY_MASK
RipVIS-NR-008_00654.jpg,0.0,EMPTY_MASK
RipVIS-NR-009_00390.jpg,0.0,EMPTY_MASK
RipVIS-NR-010_00618.jpg,0.0,EMPTY_MASK
RipVIS-NR-007_00420.jpg,0.0,EMPTY_MASK
RipVIS-NR-032_02328.jpg,0.0,EMPTY_MASK
RipVIS-NR-031_01332.jpg,0.0,EMPTY_MASK
RipVIS-NR-032_02760.jpg,0.0,EMPTY_MASK
RipVIS-NR-002_00894.jpg,0.0,EMPTY_MASK
RipVIS-NR-002_01776.jpg,0.0,EMPTY_MASK
RipVIS-NR-016_00786.jpg,0.0,EMPTY_MASK
RipVIS-NR-003_00858.jpg,0.0,EMPTY_MASK
RipVIS-NR-002_00072.jpg,0.0,EMPTY_MASK
RipVIS-NR-027_00330.jpg,0.0,EMPTY_MASK
RipVIS-NR-031_02628.jpg,0.0,EMPTY_MASK
RipVIS-NR-011_01542.jpg,0.0,EMPTY_MASK
RipVIS-NR-003_00402.jpg,0.0,EMPTY_MASK
RipVIS-NR-032_03822.jpg,0.0,EMPTY_MASK
RipVIS-NR-033_01098.jpg,0.0,EMPTY_MASK
RipVIS-NR-003_00426.jpg,0.0,EMPTY_MASK
RipVIS-NR-008_01074.jpg,0.0,EMPTY_MASK
RipVIS-NR-016_00624.jpg,0.0,EMPTY_MASK
RipVIS-NR-034_00132.jpg,0.0,EMPTY_MASK
RipVIS-NR-033_00420.jpg,0.0,EMPTY_MASK
RipVIS-NR-027_01224.jpg,0.0,EMPTY_MASK
RipVIS-NR-032_03762.jpg,0.0,EMPTY_MASK
RipVIS-NR-034_01122.jpg,0.0,EMPTY_MASK
RipVIS-NR-017_00228.jpg,0.0,EMPTY_MASK
RipVIS-NR-006_00276.jpg,0.0,EMPTY_MASK
RipVIS-NR-007_00072.jpg,0.0,EMPTY_MASK
RipVIS-NR-032_04248.jpg,0.0,EMPTY_MASK
RipVIS-NR-008_00162.jpg,0.0,EMPTY_MASK
RipVIS-NR-032_02136.jpg,0.0,EMPTY_MASK
RipVIS-NR-028_00600.jpg,0.0,EMPTY_MASK
RipVIS-NR-031_02412.jpg,0.0,EMPTY_MASK
RipVIS-NR-011_01290.jpg,0.0,EMPTY_MASK
RipVIS-NR-025_01824.jpg,0.0,EMPTY_MASK
RipVIS-NR-003_00852.jpg,0.0,EMPTY_MASK
RipVIS-NR-010_00666.jpg,0.0,EMPTY_MASK
RipVIS-NR-002_00792.jpg,0.0,EMPTY_MASK
RipVIS-NR-010_00114.jpg,0.0,EMPTY_MASK
RipVIS-NR-032_05016.jpg,0.0,EMPTY_MASK
RipVIS-NR-008_01662.jpg,0.0,EMPTY_MASK
RipVIS-NR-010_00360.jpg,0.0,EMPTY_MASK
RipVIS-NR-028_00480.jpg,0.0,EMPTY_MASK
RipVIS-NR-033_01506.jpg,0.0,EMPTY_MASK
RipVIS-NR-010_00006.jpg,0.0,EMPTY_MASK
RipVIS-NR-002_01722.jpg,0.0,EMPTY_MASK
RipVIS-NR-032_00492.jpg,0.0,EMPTY_MASK
RipVIS-NR-031_00390.jpg,0.0,EMPTY_MASK
RipVIS-NR-011_00348.jpg,0.0,EMPTY_MASK
RipVIS-NR-034_00126.jpg,0.0,EMPTY_MASK
RipVIS-NR-008_01632.jpg,0.0,EMPTY_MASK
RipVIS-NR-015_00192.jpg,0.0,EMPTY_MASK
RipVIS-NR-016_00870.jpg,0.0,EMPTY_MASK
RipVIS-NR-027_00948.jpg,0.0,EMPTY_MASK
RipVIS-NR-027_01296.jpg,0.0,EMPTY_MASK
RipVIS-NR-028_00750.jpg,0.0,EMPTY_MASK
RipVIS-NR-033_01038.jpg,0.0,EMPTY_MASK
RipVIS-NR-017_00918.jpg,0.0,EMPTY_MASK
RipVIS-NR-010_00276.jpg,0.0,EMPTY_MASK
RipVIS-NR-008_00552.jpg,0.0,EMPTY_MASK
RipVIS-NR-030_00426.jpg,0.0,EMPTY_MASK
RipVIS-NR-007_00486.jpg,0.0,EMPTY_MASK
RipVIS-NR-032_01914.jpg,0.0,EMPTY_MASK
RipVIS-NR-033_00750.jpg,0.0,EMPTY_MASK
RipVIS-NR-033_00678.jpg,0.0,EMPTY_MASK
RipVIS-NR-034_00078.jpg,0.0,EMPTY_MASK
RipVIS-NR-011_00822.jpg,0.0,EMPTY_MASK
RipVIS-NR-008_01050.jpg,0.0,EMPTY_MASK
RipVIS-NR-006_00342.jpg,0.0,EMPTY_MASK
RipVIS-NR-027_01266.jpg,0.0,EMPTY_MASK
RipVIS-NR-027_01476.jpg,0.0,EMPTY_MASK
RipVIS-NR-015_00576.jpg,0.0,EMPTY_MASK
RipVIS-NR-032_01164.jpg,0.0,EMPTY_MASK
RipVIS-NR-007_00366.jpg,0.0,EMPTY_MASK
RipVIS-NR-031_01788.jpg,0.0,EMPTY_MASK
RipVIS-NR-010_00588.jpg,0.0,EMPTY_MASK
RipVIS-NR-031_01224.jpg,0.0,EMPTY_MASK
RipVIS-NR-010_00726.jpg,0.0,EMPTY_MASK
RipVIS-NR-032_01650.jpg,0.0,EMPTY_MASK
RipVIS-NR-016_00012.jpg,0.0,EMPTY_MASK
RipVIS-NR-007_00102.jpg,0.0,EMPTY_MASK
RipVIS-NR-032_00714.jpg,0.0,EMPTY_MASK
RipVIS-NR-031_00090.jpg,0.0,EMPTY_MASK
RipVIS-NR-027_00618.jpg,0.0,EMPTY_MASK
RipVIS-NR-031_02382.jpg,0.0,EMPTY_MASK
RipVIS-NR-031_01854.jpg,0.0,EMPTY_MASK
RipVIS-NR-028_00090.jpg,0.0,EMPTY_MASK
RipVIS-NR-008_01212.jpg,0.0,EMPTY_MASK
RipVIS-NR-031_01746.jpg,0.0,EMPTY_MASK
RipVIS-NR-002_01740.jpg,0.0,EMPTY_MASK
RipVIS-NR-031_01488.jpg,0.0,EMPTY_MASK
RipVIS-NR-002_01512.jpg,0.0,EMPTY_MASK
RipVIS-NR-033_00360.jpg,0.0,EMPTY_MASK
RipVIS-NR-003_00042.jpg,0.0,EMPTY_MASK
RipVIS-NR-027_00414.jpg,0.0,EMPTY_MASK
RipVIS-NR-008_00396.jpg,0.0,EMPTY_MASK
RipVIS-NR-016_00348.jpg,0.0,EMPTY_MASK
RipVIS-NR-002_00540.jpg,0.0,EMPTY_MASK
RipVIS-NR-012_00126.jpg,0.0,EMPTY_MASK
RipVIS-NR-011_01188.jpg,0.0,EMPTY_MASK
RipVIS-NR-008_00018.jpg,0.0,EMPTY_MASK
RipVIS-NR-032_04662.jpg,0.0,EMPTY_MASK
RipVIS-NR-002_00156.jpg,0.0,EMPTY_MASK
RipVIS-NR-032_01320.jpg,0.0,EMPTY_MASK
RipVIS-NR-008_00096.jpg,0.0,EMPTY_MASK
RipVIS-NR-032_00690.jpg,0.0,EMPTY_MASK
RipVIS-NR-032_02190.jpg,0.0,EMPTY_MASK
RipVIS-NR-008_00480.jpg,0.0,EMPTY_MASK
RipVIS-NR-018_00216.jpg,0.0,EMPTY_MASK
RipVIS-NR-031_00954.jpg,0.0,EMPTY_MASK
RipVIS-NR-027_01776.jpg,0.0,EMPTY_MASK
RipVIS-NR-025_00006.jpg,0.0,EMPTY_MASK
RipVIS-NR-025_00504.jpg,0.0,EMPTY_MASK
RipVIS-NR-002_01524.jpg,0.0,EMPTY_MASK
RipVIS-NR-032_02730.jpg,0.0,EMPTY_MASK
RipVIS-NR-015_00468.jpg,0.0,EMPTY_MASK
RipVIS-NR-008_00528.jpg,0.0,EMPTY_MASK
RipVIS-NR-032_04404.jpg,0.0,EMPTY_MASK
RipVIS-NR-028_00492.jpg,0.0,EMPTY_MASK
RipVIS-NR-015_00090.jpg,0.0,EMPTY_MASK
RipVIS-NR-003_00516.jpg,0.0,EMPTY_MASK
RipVIS-NR-033_01836.jpg,0.0,EMPTY_MASK
RipVIS-NR-033_01236.jpg,0.0,EMPTY_MASK
RipVIS-NR-002_01890.jpg,0.0,EMPTY_MASK
RipVIS-NR-027_02094.jpg,0.0,EMPTY_MASK
RipVIS-NR-032_00648.jpg,0.0,EMPTY_MASK
RipVIS-NR-034_00828.jpg,0.0,EMPTY_MASK
RipVIS-NR-027_01110.jpg,0.0,EMPTY_MASK
RipVIS-NR-031_00402.jpg,0.0,EMPTY_MASK
RipVIS-NR-002_00414.jpg,0.0,EMPTY_MASK
RipVIS-NR-008_01122.jpg,0.0,EMPTY_MASK
RipVIS-NR-025_00306.jpg,0.0,EMPTY_MASK
RipVIS-NR-015_00276.jpg,0.0,EMPTY_MASK
RipVIS-NR-033_01848.jpg,0.0,EMPTY_MASK
RipVIS-NR-031_00342.jpg,0.0,EMPTY_MASK
RipVIS-NR-032_02640.jpg,0.0,EMPTY_MASK
RipVIS-NR-029_00126.jpg,0.0,EMPTY_MASK
RipVIS-NR-025_01044.jpg,0.0,EMPTY_MASK
RipVIS-NR-031_00594.jpg,0.0,EMPTY_MASK
RipVIS-NR-025_00324.jpg,0.0,EMPTY_MASK
RipVIS-NR-032_03336.jpg,0.0,EMPTY_MASK
RipVIS-NR-033_01122.jpg,0.0,EMPTY_MASK
RipVIS-NR-032_04092.jpg,0.0,EMPTY_MASK
RipVIS-NR-003_00264.jpg,0.0,EMPTY_MASK
RipVIS-NR-025_00774.jpg,0.0,EMPTY_MASK
RipVIS-NR-032_00276.jpg,0.0,EMPTY_MASK
RipVIS-NR-034_00870.jpg,0.0,EMPTY_MASK
RipVIS-NR-033_01218.jpg,0.0,EMPTY_MASK
RipVIS-NR-031_01038.jpg,0.0,EMPTY_MASK
RipVIS-NR-032_00132.jpg,0.0,EMPTY_MASK
RipVIS-NR-002_00654.jpg,0.0,EMPTY_MASK
RipVIS-NR-029_00174.jpg,0.0,EMPTY_MASK
RipVIS-NR-031_01314.jpg,0.0,EMPTY_MASK
RipVIS-NR-032_01866.jpg,0.0,EMPTY_MASK
RipVIS-NR-027_01008.jpg,0.0,EMPTY_MASK
RipVIS-NR-031_00558.jpg,0.0,EMPTY_MASK
RipVIS-NR-027_00462.jpg,0.0,EMPTY_MASK
RipVIS-NR-025_00186.jpg,0.0,EMPTY_MASK
RipVIS-NR-008_00732.jpg,0.0,EMPTY_MASK
RipVIS-NR-032_00216.jpg,0.0,EMPTY_MASK
RipVIS-NR-032_01932.jpg,0.0,EMPTY_MASK
RipVIS-NR-027_01980.jpg,0.0,EMPTY_MASK
RipVIS-NR-031_02964.jpg,0.0,EMPTY_MASK
RipVIS-NR-006_00192.jpg,0.0,EMPTY_MASK
RipVIS-NR-028_00042.jpg,0.0,EMPTY_MASK
RipVIS-NR-032_05004.jpg,0.0,EMPTY_MASK
RipVIS-NR-016_00252.jpg,0.0,EMPTY_MASK
RipVIS-NR-028_00354.jpg,0.0,EMPTY_MASK
RipVIS-NR-032_01962.jpg,0.0,EMPTY_MASK
RipVIS-NR-018_00306.jpg,0.0,EMPTY_MASK
RipVIS-NR-034_01356.jpg,0.0,EMPTY_MASK
RipVIS-NR-032_01992.jpg,0.0,EMPTY_MASK
RipVIS-NR-002_01062.jpg,0.0,EMPTY_MASK
RipVIS-NR-028_00624.jpg,0.0,EMPTY_MASK
RipVIS-NR-011_00882.jpg,0.0,EMPTY_MASK
RipVIS-NR-002_00480.jpg,0.0,EMPTY_MASK
RipVIS-NR-032_04218.jpg,0.0,EMPTY_MASK
RipVIS-NR-031_02664.jpg,0.0,EMPTY_MASK
RipVIS-NR-032_04134.jpg,0.0,EMPTY_MASK
RipVIS-NR-031_01086.jpg,0.0,EMPTY_MASK
RipVIS-NR-025_01248.jpg,0.0,EMPTY_MASK
RipVIS-NR-018_00372.jpg,0.0,EMPTY_MASK
RipVIS-NR-031_01674.jpg,0.0,EMPTY_MASK
RipVIS-NR-002_00558.jpg,0.0,EMPTY_MASK
RipVIS-NR-006_00042.jpg,0.0,EMPTY_MASK
RipVIS-NR-033_01926.jpg,0.0,EMPTY_MASK
RipVIS-NR-031_02214.jpg,0.0,EMPTY_MASK
RipVIS-NR-011_01686.jpg,0.0,EMPTY_MASK
RipVIS-NR-010_00042.jpg,0.0,EMPTY_MASK
RipVIS-NR-031_02064.jpg,0.0,EMPTY_MASK
RipVIS-NR-033_01128.jpg,0.0,EMPTY_MASK
RipVIS-NR-032_00534.jpg,0.0,EMPTY_MASK
RipVIS-NR-033_01428.jpg,0.0,EMPTY_MASK
RipVIS-NR-032_03612.jpg,0.0,EMPTY_MASK
RipVIS-NR-016_00246.jpg,0.0,EMPTY_MASK
RipVIS-NR-010_00510.jpg,0.0,EMPTY_MASK
RipVIS-NR-033_01914.jpg,0.0,EMPTY_MASK
RipVIS-NR-031_01920.jpg,0.0,EMPTY_MASK
RipVIS-NR-010_00330.jpg,0.0,EMPTY_MASK
RipVIS-NR-034_00432.jpg,0.0,EMPTY_MASK
RipVIS-NR-033_00258.jpg,0.0,EMPTY_MASK
RipVIS-NR-032_04344.jpg,0.0,EMPTY_MASK
RipVIS-NR-032_03330.jpg,0.0,EMPTY_MASK
RipVIS-NR-015_00228.jpg,0.0,EMPTY_MASK
RipVIS-NR-028_00060.jpg,0.0,EMPTY_MASK
RipVIS-NR-010_00516.jpg,0.0,EMPTY_MASK
RipVIS-NR-011_01680.jpg,0.0,EMPTY_MASK
RipVIS-NR-027_01260.jpg,0.0,EMPTY_MASK
RipVIS-NR-032_03312.jpg,0.0,EMPTY_MASK
RipVIS-NR-025_01152.jpg,0.0,EMPTY_MASK
RipVIS-NR-033_01458.jpg,0.0,EMPTY_MASK
RipVIS-NR-032_01536.jpg,0.0,EMPTY_MASK
RipVIS-NR-002_01314.jpg,0.0,EMPTY_MASK
RipVIS-NR-032_01224.jpg,0.0,EMPTY_MASK
RipVIS-NR-018_00384.jpg,0.0,EMPTY_MASK
RipVIS-NR-027_00606.jpg,0.0,EMPTY_MASK
RipVIS-NR-009_00834.jpg,0.0,EMPTY_MASK
RipVIS-NR-033_01968.jpg,0.0,EMPTY_MASK
RipVIS-NR-025_00192.jpg,0.0,EMPTY_MASK
RipVIS-NR-002_00258.jpg,0.0,EMPTY_MASK
RipVIS-NR-032_02838.jpg,0.0,EMPTY_MASK
RipVIS-NR-002_01260.jpg,0.0,EMPTY_MASK
RipVIS-NR-003_00066.jpg,0.0,EMPTY_MASK
RipVIS-NR-025_00906.jpg,0.0,EMPTY_MASK
RipVIS-NR-025_01692.jpg,0.0,EMPTY_MASK
RipVIS-NR-032_00372.jpg,0.0,EMPTY_MASK
RipVIS-NR-025_00936.jpg,0.0,EMPTY_MASK
RipVIS-NR-027_01332.jpg,0.0,EMPTY_MASK
RipVIS-NR-032_03870.jpg,0.0,EMPTY_MASK
RipVIS-NR-003_00144.jpg,0.0,EMPTY_MASK
RipVIS-NR-010_00648.jpg,0.0,EMPTY_MASK
RipVIS-NR-011_00834.jpg,0.0,EMPTY_MASK
RipVIS-NR-032_00822.jpg,0.0,EMPTY_MASK
RipVIS-NR-011_01740.jpg,0.0,EMPTY_MASK
RipVIS-NR-002_00810.jpg,0.0,EMPTY_MASK
RipVIS-NR-032_02916.jpg,0.0,EMPTY_MASK
RipVIS-NR-017_00600.jpg,0.0,EMPTY_MASK
RipVIS-NR-002_00282.jpg,0.0,EMPTY_MASK
RipVIS-NR-032_05070.jpg,0.0,EMPTY_MASK
RipVIS-NR-032_02676.jpg,0.0,EMPTY_MASK
RipVIS-NR-032_02892.jpg,0.0,EMPTY_MASK
RipVIS-NR-008_01638.jpg,0.0,EMPTY_MASK
RipVIS-NR-032_01290.jpg,0.0,EMPTY_MASK
RipVIS-NR-018_00402.jpg,0.0,EMPTY_MASK
RipVIS-NR-032_03462.jpg,0.0,EMPTY_MASK
RipVIS-NR-032_04512.jpg,0.0,EMPTY_MASK
RipVIS-NR-031_00228.jpg,0.0,EMPTY_MASK
RipVIS-NR-002_00366.jpg,0.0,EMPTY_MASK
RipVIS-NR-031_03162.jpg,0.0,EMPTY_MASK
RipVIS-NR-027_01254.jpg,0.0,EMPTY_MASK
RipVIS-NR-032_01830.jpg,0.0,EMPTY_MASK
RipVIS-NR-028_00018.jpg,0.0,EMPTY_MASK
RipVIS-NR-002_00570.jpg,0.0,EMPTY_MASK
RipVIS-NR-002_00636.jpg,0.0,EMPTY_MASK
RipVIS-NR-003_00810.jpg,0.0,EMPTY_MASK
RipVIS-NR-027_01824.jpg,0.0,EMPTY_MASK
RipVIS-NR-033_00426.jpg,0.0,EMPTY_MASK
RipVIS-NR-008_00936.jpg,0.0,EMPTY_MASK
RipVIS-NR-028_00276.jpg,0.0,EMPTY_MASK
RipVIS-NR-029_00216.jpg,0.0,EMPTY_MASK
RipVIS-NR-032_04260.jpg,0.0,EMPTY_MASK
RipVIS-NR-002_01932.jpg,0.0,EMPTY_MASK
RipVIS-NR-010_00072.jpg,0.0,EMPTY_MASK
RipVIS-NR-033_01392.jpg,0.0,EMPTY_MASK
RipVIS-NR-030_00342.jpg,0.0,EMPTY_MASK
RipVIS-NR-018_00276.jpg,0.0,EMPTY_MASK
RipVIS-NR-025_00024.jpg,0.0,EMPTY_MASK
RipVIS-NR-033_01620.jpg,0.0,EMPTY_MASK
RipVIS-NR-025_01116.jpg,0.0,EMPTY_MASK
RipVIS-NR-002_01746.jpg,0.0,EMPTY_MASK
RipVIS-NR-008_00174.jpg,0.0,EMPTY_MASK
RipVIS-NR-032_00732.jpg,0.0,EMPTY_MASK
RipVIS-NR-032_01506.jpg,0.0,EMPTY_MASK
RipVIS-NR-033_01686.jpg,0.0,EMPTY_MASK
RipVIS-NR-032_01446.jpg,0.0,EMPTY_MASK
RipVIS-NR-030_00276.jpg,0.0,EMPTY_MASK
RipVIS-NR-033_00282.jpg,0.0,EMPTY_MASK
RipVIS-NR-015_00216.jpg,0.0,EMPTY_MASK
RipVIS-NR-032_02628.jpg,0.0,EMPTY_MASK
RipVIS-NR-028_00252.jpg,0.0,EMPTY_MASK
RipVIS-NR-008_00918.jpg,0.0,EMPTY_MASK
RipVIS-NR-030_00150.jpg,0.0,EMPTY_MASK
RipVIS-NR-031_03060.jpg,0.0,EMPTY_MASK
RipVIS-NR-007_00030.jpg,0.0,EMPTY_MASK
RipVIS-NR-031_00762.jpg,0.0,EMPTY_MASK
RipVIS-NR-009_00180.jpg,0.0,EMPTY_MASK
RipVIS-NR-030_00180.jpg,0.0,EMPTY_MASK
RipVIS-NR-015_00882.jpg,0.0,EMPTY_MASK
RipVIS-NR-016_00480.jpg,0.0,EMPTY_MASK
RipVIS-NR-032_01692.jpg,0.0,EMPTY_MASK
RipVIS-NR-033_00510.jpg,0.0,EMPTY_MASK
RipVIS-NR-034_00888.jpg,0.0,EMPTY_MASK
RipVIS-NR-034_01020.jpg,0.0,EMPTY_MASK
RipVIS-NR-032_03654.jpg,0.0,EMPTY_MASK
RipVIS-NR-008_00132.jpg,0.0,EMPTY_MASK
RipVIS-NR-018_00096.jpg,0.0,EMPTY_MASK
RipVIS-NR-032_02952.jpg,0.0,EMPTY_MASK
RipVIS-NR-033_01668.jpg,0.0,EMPTY_MASK
RipVIS-NR-032_02748.jpg,0.0,EMPTY_MASK
RipVIS-NR-025_00708.jpg,0.0,EMPTY_MASK
RipVIS-NR-018_00378.jpg,0.0,EMPTY_MASK
RipVIS-NR-025_00588.jpg,0.0,EMPTY_MASK
RipVIS-NR-018_00366.jpg,0.0,EMPTY_MASK
RipVIS-NR-027_00792.jpg,0.0,EMPTY_MASK
RipVIS-NR-031_03168.jpg,0.0,EMPTY_MASK
RipVIS-NR-015_00528.jpg,0.0,EMPTY_MASK
RipVIS-NR-025_00648.jpg,0.0,EMPTY_MASK
RipVIS-NR-025_00240.jpg,0.0,EMPTY_MASK
RipVIS-NR-002_00420.jpg,0.0,EMPTY_MASK
RipVIS-NR-011_01266.jpg,0.0,EMPTY_MASK
RipVIS-NR-033_00150.jpg,0.0,EMPTY_MASK
RipVIS-NR-028_00708.jpg,0.0,EMPTY_MASK
RipVIS-NR-032_03426.jpg,0.0,EMPTY_MASK
RipVIS-NR-031_02460.jpg,0.0,EMPTY_MASK
RipVIS-NR-032_04734.jpg,0.0,EMPTY_MASK
RipVIS-NR-008_00864.jpg,0.0,EMPTY_MASK
RipVIS-NR-031_03108.jpg,0.0,EMPTY_MASK
RipVIS-NR-016_00306.jpg,0.0,EMPTY_MASK
RipVIS-NR-010_00486.jpg,0.0,EMPTY_MASK
RipVIS-NR-031_01980.jpg,0.0,EMPTY_MASK
RipVIS-NR-032_02088.jpg,0.0,EMPTY_MASK
RipVIS-NR-010_00222.jpg,0.0,EMPTY_MASK
RipVIS-NR-031_02574.jpg,0.0,EMPTY_MASK
RipVIS-NR-007_00084.jpg,0.0,EMPTY_MASK
RipVIS-NR-032_01020.jpg,0.0,EMPTY_MASK
RipVIS-NR-027_01344.jpg,0.0,EMPTY_MASK
RipVIS-NR-028_00540.jpg,0.0,EMPTY_MASK
RipVIS-NR-011_01176.jpg,0.0,EMPTY_MASK
RipVIS-NR-011_00228.jpg,0.0,EMPTY_MASK
RipVIS-NR-028_00114.jpg,0.0,EMPTY_MASK
RipVIS-NR-032_03900.jpg,0.0,EMPTY_MASK
RipVIS-NR-008_00342.jpg,0.0,EMPTY_MASK
RipVIS-NR-009_00840.jpg,0.0,EMPTY_MASK
RipVIS-NR-030_00132.jpg,0.0,EMPTY_MASK
RipVIS-NR-009_00360.jpg,0.0,EMPTY_MASK
RipVIS-NR-017_00060.jpg,0.0,EMPTY_MASK
RipVIS-NR-008_01542.jpg,0.0,EMPTY_MASK
RipVIS-NR-012_00168.jpg,0.0,EMPTY_MASK
RipVIS-NR-034_01008.jpg,0.0,EMPTY_MASK
RipVIS-NR-027_01020.jpg,0.0,EMPTY_MASK
RipVIS-NR-016_00138.jpg,0.0,EMPTY_MASK
RipVIS-NR-032_00150.jpg,0.0,EMPTY_MASK
RipVIS-NR-032_00576.jpg,0.0,EMPTY_MASK
RipVIS-NR-015_00720.jpg,0.0,EMPTY_MASK
RipVIS-NR-002_01398.jpg,0.0,EMPTY_MASK
RipVIS-NR-033_00756.jpg,0.0,EMPTY_MASK
RipVIS-NR-032_01284.jpg,0.0,EMPTY_MASK
RipVIS-NR-003_00432.jpg,0.0,EMPTY_MASK
RipVIS-NR-027_01716.jpg,0.0,EMPTY_MASK
RipVIS-NR-016_00564.jpg,0.0,EMPTY_MASK
RipVIS-NR-025_00012.jpg,0.0,EMPTY_MASK
RipVIS-NR-008_00462.jpg,0.0,EMPTY_MASK
RipVIS-NR-002_00102.jpg,0.0,EMPTY_MASK
RipVIS-NR-034_00540.jpg,0.0,EMPTY_MASK
RipVIS-NR-009_00258.jpg,0.0,EMPTY_MASK
RipVIS-NR-007_00144.jpg,0.0,EMPTY_MASK
RipVIS-NR-025_00198.jpg,0.0,EMPTY_MASK
RipVIS-NR-032_03090.jpg,0.0,EMPTY_MASK
RipVIS-NR-027_02082.jpg,0.0,EMPTY_MASK
RipVIS-NR-010_00036.jpg,0.0,EMPTY_MASK
RipVIS-NR-003_00168.jpg,0.0,EMPTY_MASK
RipVIS-NR-011_00642.jpg,0.0,EMPTY_MASK
RipVIS-NR-007_00156.jpg,0.0,EMPTY_MASK
RipVIS-NR-002_01428.jpg,0.0,EMPTY_MASK
RipVIS-NR-032_03750.jpg,0.0,EMPTY_MASK
RipVIS-NR-032_03114.jpg,0.0,EMPTY_MASK
RipVIS-NR-008_00840.jpg,0.0,EMPTY_MASK
RipVIS-NR-009_00900.jpg,0.0,EMPTY_MASK
RipVIS-NR-027_00690.jpg,0.0,EMPTY_MASK
RipVIS-NR-032_02082.jpg,0.0,EMPTY_MASK
RipVIS-NR-027_00708.jpg,0.0,EMPTY_MASK
RipVIS-NR-031_02490.jpg,0.0,EMPTY_MASK
RipVIS-NR-031_00324.jpg,0.0,EMPTY_MASK
RipVIS-NR-027_01938.jpg,0.0,EMPTY_MASK
RipVIS-NR-011_01260.jpg,0.0,EMPTY_MASK
RipVIS-NR-008_00582.jpg,0.0,EMPTY_MASK
RipVIS-NR-032_03810.jpg,0.0,EMPTY_MASK
RipVIS-NR-016_00696.jpg,0.0,EMPTY_MASK
RipVIS-NR-032_04056.jpg,0.0,EMPTY_MASK
RipVIS-NR-008_00798.jpg,0.0,EMPTY_MASK
RipVIS-NR-009_00726.jpg,0.0,EMPTY_MASK
RipVIS-NR-032_03672.jpg,0.0,EMPTY_MASK
RipVIS-NR-027_00894.jpg,0.0,EMPTY_MASK
RipVIS-NR-030_00102.jpg,0.0,EMPTY_MASK
RipVIS-NR-027_01968.jpg,0.0,EMPTY_MASK
RipVIS-NR-007_00294.jpg,0.0,EMPTY_MASK
RipVIS-NR-032_03018.jpg,0.0,EMPTY_MASK
RipVIS-NR-032_00300.jpg,0.0,EMPTY_MASK
RipVIS-NR-034_00060.jpg,0.0,EMPTY_MASK
RipVIS-NR-015_00330.jpg,0.0,EMPTY_MASK
RipVIS-NR-032_02280.jpg,0.0,EMPTY_MASK
RipVIS-NR-011_01350.jpg,0.0,EMPTY_MASK
RipVIS-NR-002_00306.jpg,0.0,EMPTY_MASK
RipVIS-NR-008_00402.jpg,0.0,EMPTY_MASK
RipVIS-NR-033_00828.jpg,0.0,EMPTY_MASK
RipVIS-NR-032_00924.jpg,0.0,EMPTY_MASK
RipVIS-NR-006_00216.jpg,0.0,EMPTY_MASK
RipVIS-NR-033_01476.jpg,0.0,EMPTY_MASK
RipVIS-NR-018_00132.jpg,0.0,EMPTY_MASK
RipVIS-NR-003_00600.jpg,0.0,EMPTY_MASK
RipVIS-NR-032_04062.jpg,0.0,EMPTY_MASK
RipVIS-NR-002_01170.jpg,0.0,EMPTY_MASK
RipVIS-NR-033_00690.jpg,0.0,EMPTY_MASK
RipVIS-NR-032_03348.jpg,0.0,EMPTY_MASK
RipVIS-NR-032_01716.jpg,0.0,EMPTY_MASK
RipVIS-NR-008_01044.jpg,0.0,EMPTY_MASK
RipVIS-NR-033_00384.jpg,0.0,EMPTY_MASK
RipVIS-NR-016_00864.jpg,0.0,EMPTY_MASK
RipVIS-NR-034_00234.jpg,0.0,EMPTY_MASK
RipVIS-NR-027_00804.jpg,0.0,EMPTY_MASK
RipVIS-NR-031_00612.jpg,0.0,EMPTY_MASK
RipVIS-NR-007_00432.jpg,0.0,EMPTY_MASK
RipVIS-NR-032_02586.jpg,0.0,EMPTY_MASK
RipVIS-NR-033_00060.jpg,0.0,EMPTY_MASK
RipVIS-NR-011_00594.jpg,0.0,EMPTY_MASK
RipVIS-NR-032_04962.jpg,0.0,EMPTY_MASK
RipVIS-NR-002_00720.jpg,0.0,EMPTY_MASK
RipVIS-NR-034_01326.jpg,0.0,EMPTY_MASK
RipVIS-NR-034_00894.jpg,0.0,EMPTY_MASK
RipVIS-NR-034_00696.jpg,0.0,EMPTY_MASK
RipVIS-NR-027_00972.jpg,0.0,EMPTY_MASK
RipVIS-NR-017_00324.jpg,0.0,EMPTY_MASK
RipVIS-NR-002_00804.jpg,0.0,EMPTY_MASK
RipVIS-NR-027_01884.jpg,0.0,EMPTY_MASK
RipVIS-NR-017_00348.jpg,0.0,EMPTY_MASK
RipVIS-NR-025_00984.jpg,0.0,EMPTY_MASK
RipVIS-NR-002_01104.jpg,0.0,EMPTY_MASK
RipVIS-NR-015_00336.jpg,0.0,EMPTY_MASK
RipVIS-NR-006_00078.jpg,0.0,EMPTY_MASK
RipVIS-NR-028_00420.jpg,0.0,EMPTY_MASK
RipVIS-NR-032_02844.jpg,0.0,EMPTY_MASK
RipVIS-NR-031_00528.jpg,0.0,EMPTY_MASK
RipVIS-NR-032_04722.jpg,0.0,EMPTY_MASK
RipVIS-NR-032_00810.jpg,0.0,EMPTY_MASK
RipVIS-NR-008_00306.jpg,0.0,EMPTY_MASK
RipVIS-NR-032_00138.jpg,0.0,EMPTY_MASK
RipVIS-NR-002_01506.jpg,0.0,EMPTY_MASK
RipVIS-NR-011_01596.jpg,0.0,EMPTY_MASK
RipVIS-NR-032_00726.jpg,0.0,EMPTY_MASK
RipVIS-NR-009_00600.jpg,0.0,EMPTY_MASK
RipVIS-NR-029_00270.jpg,0.0,EMPTY_MASK
RipVIS-NR-002_00732.jpg,0.0,EMPTY_MASK
RipVIS-NR-016_00642.jpg,0.0,EMPTY_MASK
RipVIS-NR-033_01272.jpg,0.0,EMPTY_MASK
RipVIS-NR-032_02358.jpg,0.0,EMPTY_MASK
RipVIS-NR-027_01782.jpg,0.0,EMPTY_MASK
RipVIS-NR-006_00414.jpg,0.0,EMPTY_MASK
RipVIS-NR-011_00828.jpg,0.0,EMPTY_MASK
RipVIS-NR-031_00816.jpg,0.0,EMPTY_MASK
RipVIS-NR-031_03006.jpg,0.0,EMPTY_MASK
RipVIS-NR-010_00234.jpg,0.0,EMPTY_MASK
RipVIS-NR-008_01104.jpg,0.0,EMPTY_MASK
RipVIS-NR-012_00024.jpg,0.0,EMPTY_MASK
RipVIS-NR-034_00180.jpg,0.0,EMPTY_MASK
RipVIS-NR-009_00546.jpg,0.0,EMPTY_MASK
RipVIS-NR-033_00738.jpg,0.0,EMPTY_MASK
RipVIS-NR-027_01704.jpg,0.0,EMPTY_MASK
RipVIS-NR-027_01038.jpg,0.0,EMPTY_MASK
RipVIS-NR-016_00474.jpg,0.0,EMPTY_MASK
RipVIS-NR-007_00180.jpg,0.0,EMPTY_MASK
RipVIS-NR-025_00678.jpg,0.0,EMPTY_MASK
RipVIS-NR-033_01692.jpg,0.0,EMPTY_MASK
RipVIS-NR-009_00738.jpg,0.0,EMPTY_MASK
RipVIS-NR-032_04170.jpg,0.0,EMPTY_MASK
RipVIS-NR-002_01908.jpg,0.0,EMPTY_MASK
RipVIS-NR-008_00948.jpg,0.0,EMPTY_MASK
RipVIS-NR-017_00852.jpg,0.0,EMPTY_MASK
RipVIS-NR-002_01644.jpg,0.0,EMPTY_MASK
RipVIS-NR-032_03378.jpg,0.0,EMPTY_MASK
RipVIS-NR-006_00306.jpg,0.0,EMPTY_MASK
RipVIS-NR-015_00912.jpg,0.0,EMPTY_MASK
RipVIS-NR-032_01134.jpg,0.0,EMPTY_MASK
RipVIS-NR-034_00720.jpg,0.0,EMPTY_MASK
RipVIS-NR-029_00132.jpg,0.0,EMPTY_MASK
RipVIS-NR-007_00198.jpg,0.0,EMPTY_MASK
RipVIS-NR-034_00918.jpg,0.0,EMPTY_MASK
RipVIS-NR-006_00174.jpg,0.0,EMPTY_MASK
RipVIS-NR-031_02478.jpg,0.0,EMPTY_MASK
RipVIS-NR-031_00444.jpg,0.0,EMPTY_MASK
RipVIS-NR-025_01752.jpg,0.0,EMPTY_MASK
RipVIS-NR-032_03642.jpg,0.0,EMPTY_MASK
RipVIS-NR-034_00324.jpg,0.0,EMPTY_MASK
RipVIS-NR-025_01236.jpg,0.0,EMPTY_MASK
RipVIS-NR-002_01788.jpg,0.0,EMPTY_MASK
RipVIS-NR-032_03732.jpg,0.0,EMPTY_MASK
RipVIS-NR-027_00660.jpg,0.0,EMPTY_MASK
RipVIS-NR-031_01632.jpg,0.0,EMPTY_MASK
RipVIS-NR-032_01566.jpg,0.0,EMPTY_MASK
RipVIS-NR-032_00876.jpg,0.0,EMPTY_MASK
RipVIS-NR-009_00624.jpg,0.0,EMPTY_MASK
RipVIS-NR-033_01140.jpg,0.0,EMPTY_MASK
RipVIS-NR-011_00600.jpg,0.0,EMPTY_MASK
RipVIS-NR-031_03156.jpg,0.0,EMPTY_MASK
